   1               		.file	"full2.c"
   2               	__SP_H__ = 0x3e
   3               	__SP_L__ = 0x3d
   4               	__SREG__ = 0x3f
   5               	__tmp_reg__ = 0
   6               	__zero_reg__ = 1
   7               		.text
   8               	.Ltext0:
   9               		.cfi_sections	.debug_frame
  10               	.global	ds1302_init
  12               	ds1302_init:
  13               	.LFB6:
  14               		.file 1 "full2.c"
   1:full2.c       **** #define F_CPU 8000000UL
   2:full2.c       **** #include <avr/io.h>
   3:full2.c       **** #include <util/delay.h>
   4:full2.c       **** #include "lcd.h"
   5:full2.c       **** 
   6:full2.c       **** // -------------------- DS1302 DEFINITIONS --------------------
   7:full2.c       **** #define DS1302_PORT PORTD
   8:full2.c       **** #define DS1302_DDR  DDRD
   9:full2.c       **** #define DS1302_PIN  PIND
  10:full2.c       **** #define DS1302_CLK  PD2
  11:full2.c       **** #define DS1302_IO   PD3
  12:full2.c       **** #define DS1302_CE   PD6
  13:full2.c       **** 
  14:full2.c       **** // -------------------- BUTTONS & BUZZER --------------------
  15:full2.c       **** #define BTN_SET   PB5
  16:full2.c       **** #define BTN_NEXT  PC4
  17:full2.c       **** #define BTN_UP    PC5
  18:full2.c       **** #define BTN_DOWN  PD7
  19:full2.c       **** #define BUZZER    PB4
  20:full2.c       **** 
  21:full2.c       **** // -------------------- ULTRASONIC --------------------
  22:full2.c       **** #define TRIG PB0
  23:full2.c       **** #define ECHO PB1
  24:full2.c       **** 
  25:full2.c       **** // -------------------- SERVO --------------------
  26:full2.c       **** #define SERVO_UPPER PB2   // OC1B (Timer1)
  27:full2.c       **** #define SERVO_LOWER PB3   // OC2A (Timer2)
  28:full2.c       **** 
  29:full2.c       **** // -------------------- ALARM VARIABLES --------------------
  30:full2.c       **** uint8_t alarm1_hour = 12, alarm1_min = 1;
  31:full2.c       **** uint8_t alarm2_hour = 12, alarm2_min = 5;
  32:full2.c       **** 
  33:full2.c       **** enum { MODE_NORMAL, MODE_SET_ALARM1, MODE_SET_ALARM2 };
  34:full2.c       **** uint8_t mode = MODE_NORMAL;
  35:full2.c       **** uint8_t edit_field = 0; // 0 = hour, 1 = min
  36:full2.c       **** 
  37:full2.c       **** // -------------------- BUTTON STATE TRACKING --------------------
  38:full2.c       **** uint8_t last_btn_set = 0;
  39:full2.c       **** uint8_t last_btn_next = 0;
  40:full2.c       **** uint8_t last_btn_up = 0;
  41:full2.c       **** uint8_t last_btn_down = 0;
  42:full2.c       **** 
  43:full2.c       **** // -------------------- DS1302 FUNCTIONS --------------------
  44:full2.c       **** void ds1302_init(void) {
  15               		.loc 1 44 0
  16               		.cfi_startproc
  17               	/* prologue: function */
  18               	/* frame size = 0 */
  19               	/* stack size = 0 */
  20               	.L__stack_usage = 0
  45:full2.c       ****     DS1302_DDR |= (1 << DS1302_CLK) | (1 << DS1302_CE);
  21               		.loc 1 45 0
  22 0000 8AB1      		in r24,0xa
  23 0002 8464      		ori r24,lo8(68)
  24 0004 8AB9      		out 0xa,r24
  46:full2.c       ****     DS1302_DDR |= (1 << DS1302_IO);
  25               		.loc 1 46 0
  26 0006 539A      		sbi 0xa,3
  47:full2.c       ****     DS1302_PORT &= ~(1 << DS1302_CLK);
  27               		.loc 1 47 0
  28 0008 5A98      		cbi 0xb,2
  48:full2.c       ****     DS1302_PORT &= ~(1 << DS1302_CE);
  29               		.loc 1 48 0
  30 000a 5E98      		cbi 0xb,6
  31 000c 0895      		ret
  32               		.cfi_endproc
  33               	.LFE6:
  35               	.global	ds1302_start
  37               	ds1302_start:
  38               	.LFB7:
  49:full2.c       **** }
  50:full2.c       **** 
  51:full2.c       **** void ds1302_start(void) { DS1302_PORT |= (1 << DS1302_CE); _delay_us(4); }
  39               		.loc 1 51 0
  40               		.cfi_startproc
  41               	/* prologue: function */
  42               	/* frame size = 0 */
  43               	/* stack size = 0 */
  44               	.L__stack_usage = 0
  45               		.loc 1 51 0
  46 000e 5E9A      		sbi 0xb,6
  47               	.LVL0:
  48               	.LBB90:
  49               	.LBB91:
  50               		.file 2 "/usr/lib/avr/include/util/delay.h"
   1:/usr/lib/avr/include/util/delay.h **** /* Copyright (c) 2002, Marek Michalkiewicz
   2:/usr/lib/avr/include/util/delay.h ****    Copyright (c) 2004,2005,2007 Joerg Wunsch
   3:/usr/lib/avr/include/util/delay.h ****    Copyright (c) 2007  Florin-Viorel Petrov
   4:/usr/lib/avr/include/util/delay.h ****    All rights reserved.
   5:/usr/lib/avr/include/util/delay.h **** 
   6:/usr/lib/avr/include/util/delay.h ****    Redistribution and use in source and binary forms, with or without
   7:/usr/lib/avr/include/util/delay.h ****    modification, are permitted provided that the following conditions are met:
   8:/usr/lib/avr/include/util/delay.h **** 
   9:/usr/lib/avr/include/util/delay.h ****    * Redistributions of source code must retain the above copyright
  10:/usr/lib/avr/include/util/delay.h ****      notice, this list of conditions and the following disclaimer.
  11:/usr/lib/avr/include/util/delay.h **** 
  12:/usr/lib/avr/include/util/delay.h ****    * Redistributions in binary form must reproduce the above copyright
  13:/usr/lib/avr/include/util/delay.h ****      notice, this list of conditions and the following disclaimer in
  14:/usr/lib/avr/include/util/delay.h ****      the documentation and/or other materials provided with the
  15:/usr/lib/avr/include/util/delay.h ****      distribution.
  16:/usr/lib/avr/include/util/delay.h **** 
  17:/usr/lib/avr/include/util/delay.h ****    * Neither the name of the copyright holders nor the names of
  18:/usr/lib/avr/include/util/delay.h ****      contributors may be used to endorse or promote products derived
  19:/usr/lib/avr/include/util/delay.h ****      from this software without specific prior written permission.
  20:/usr/lib/avr/include/util/delay.h **** 
  21:/usr/lib/avr/include/util/delay.h ****   THIS SOFTWARE IS PROVIDED BY THE COPYRIGHT HOLDERS AND CONTRIBUTORS "AS IS"
  22:/usr/lib/avr/include/util/delay.h ****   AND ANY EXPRESS OR IMPLIED WARRANTIES, INCLUDING, BUT NOT LIMITED TO, THE
  23:/usr/lib/avr/include/util/delay.h ****   IMPLIED WARRANTIES OF MERCHANTABILITY AND FITNESS FOR A PARTICULAR PURPOSE
  24:/usr/lib/avr/include/util/delay.h ****   ARE DISCLAIMED. IN NO EVENT SHALL THE COPYRIGHT OWNER OR CONTRIBUTORS BE
  25:/usr/lib/avr/include/util/delay.h ****   LIABLE FOR ANY DIRECT, INDIRECT, INCIDENTAL, SPECIAL, EXEMPLARY, OR
  26:/usr/lib/avr/include/util/delay.h ****   CONSEQUENTIAL DAMAGES (INCLUDING, BUT NOT LIMITED TO, PROCUREMENT OF
  27:/usr/lib/avr/include/util/delay.h ****   SUBSTITUTE GOODS OR SERVICES; LOSS OF USE, DATA, OR PROFITS; OR BUSINESS
  28:/usr/lib/avr/include/util/delay.h ****   INTERRUPTION) HOWEVER CAUSED AND ON ANY THEORY OF LIABILITY, WHETHER IN
  29:/usr/lib/avr/include/util/delay.h ****   CONTRACT, STRICT LIABILITY, OR TORT (INCLUDING NEGLIGENCE OR OTHERWISE)
  30:/usr/lib/avr/include/util/delay.h ****   ARISING IN ANY WAY OUT OF THE USE OF THIS SOFTWARE, EVEN IF ADVISED OF THE
  31:/usr/lib/avr/include/util/delay.h ****   POSSIBILITY OF SUCH DAMAGE. */
  32:/usr/lib/avr/include/util/delay.h **** 
  33:/usr/lib/avr/include/util/delay.h **** /* $Id$ */
  34:/usr/lib/avr/include/util/delay.h **** 
  35:/usr/lib/avr/include/util/delay.h **** #ifndef _UTIL_DELAY_H_
  36:/usr/lib/avr/include/util/delay.h **** #define _UTIL_DELAY_H_ 1
  37:/usr/lib/avr/include/util/delay.h **** 
  38:/usr/lib/avr/include/util/delay.h **** #ifndef __DOXYGEN__
  39:/usr/lib/avr/include/util/delay.h **** #  ifndef __HAS_DELAY_CYCLES
  40:/usr/lib/avr/include/util/delay.h **** #    define __HAS_DELAY_CYCLES 1
  41:/usr/lib/avr/include/util/delay.h **** #  endif
  42:/usr/lib/avr/include/util/delay.h **** #endif  /* __DOXYGEN__ */
  43:/usr/lib/avr/include/util/delay.h **** 
  44:/usr/lib/avr/include/util/delay.h **** #include <inttypes.h>
  45:/usr/lib/avr/include/util/delay.h **** #include <util/delay_basic.h>
  46:/usr/lib/avr/include/util/delay.h **** #include <math.h>
  47:/usr/lib/avr/include/util/delay.h **** 
  48:/usr/lib/avr/include/util/delay.h **** /** \file */
  49:/usr/lib/avr/include/util/delay.h **** /** \defgroup util_delay <util/delay.h>: Convenience functions for busy-wait delay loops
  50:/usr/lib/avr/include/util/delay.h ****     \code
  51:/usr/lib/avr/include/util/delay.h ****     #define F_CPU 1000000UL  // 1 MHz
  52:/usr/lib/avr/include/util/delay.h ****     //#define F_CPU 14.7456E6
  53:/usr/lib/avr/include/util/delay.h ****     #include <util/delay.h>
  54:/usr/lib/avr/include/util/delay.h ****     \endcode
  55:/usr/lib/avr/include/util/delay.h **** 
  56:/usr/lib/avr/include/util/delay.h ****     \note As an alternative method, it is possible to pass the
  57:/usr/lib/avr/include/util/delay.h ****     F_CPU macro down to the compiler from the Makefile.
  58:/usr/lib/avr/include/util/delay.h ****     Obviously, in that case, no \c \#define statement should be
  59:/usr/lib/avr/include/util/delay.h ****     used.
  60:/usr/lib/avr/include/util/delay.h **** 
  61:/usr/lib/avr/include/util/delay.h ****     The functions in this header file are wrappers around the basic
  62:/usr/lib/avr/include/util/delay.h ****     busy-wait functions from <util/delay_basic.h>.  They are meant as
  63:/usr/lib/avr/include/util/delay.h ****     convenience functions where actual time values can be specified
  64:/usr/lib/avr/include/util/delay.h ****     rather than a number of cycles to wait for.  The idea behind is
  65:/usr/lib/avr/include/util/delay.h ****     that compile-time constant expressions will be eliminated by
  66:/usr/lib/avr/include/util/delay.h ****     compiler optimization so floating-point expressions can be used
  67:/usr/lib/avr/include/util/delay.h ****     to calculate the number of delay cycles needed based on the CPU
  68:/usr/lib/avr/include/util/delay.h ****     frequency passed by the macro F_CPU.
  69:/usr/lib/avr/include/util/delay.h **** 
  70:/usr/lib/avr/include/util/delay.h ****     \note In order for these functions to work as intended, compiler
  71:/usr/lib/avr/include/util/delay.h ****     optimizations <em>must</em> be enabled, and the delay time
  72:/usr/lib/avr/include/util/delay.h ****     <em>must</em> be an expression that is a known constant at
  73:/usr/lib/avr/include/util/delay.h ****     compile-time.  If these requirements are not met, the resulting
  74:/usr/lib/avr/include/util/delay.h ****     delay will be much longer (and basically unpredictable), and
  75:/usr/lib/avr/include/util/delay.h ****     applications that otherwise do not use floating-point calculations
  76:/usr/lib/avr/include/util/delay.h ****     will experience severe code bloat by the floating-point library
  77:/usr/lib/avr/include/util/delay.h ****     routines linked into the application.
  78:/usr/lib/avr/include/util/delay.h **** 
  79:/usr/lib/avr/include/util/delay.h ****     The functions available allow the specification of microsecond, and
  80:/usr/lib/avr/include/util/delay.h ****     millisecond delays directly, using the application-supplied macro
  81:/usr/lib/avr/include/util/delay.h ****     F_CPU as the CPU clock frequency (in Hertz).
  82:/usr/lib/avr/include/util/delay.h **** 
  83:/usr/lib/avr/include/util/delay.h **** */
  84:/usr/lib/avr/include/util/delay.h **** 
  85:/usr/lib/avr/include/util/delay.h **** #if !defined(__DOXYGEN__)
  86:/usr/lib/avr/include/util/delay.h **** static __inline__ void _delay_us(double __us) __attribute__((__always_inline__));
  87:/usr/lib/avr/include/util/delay.h **** static __inline__ void _delay_ms(double __ms) __attribute__((__always_inline__));
  88:/usr/lib/avr/include/util/delay.h **** #endif
  89:/usr/lib/avr/include/util/delay.h **** 
  90:/usr/lib/avr/include/util/delay.h **** #ifndef F_CPU
  91:/usr/lib/avr/include/util/delay.h **** /* prevent compiler error by supplying a default */
  92:/usr/lib/avr/include/util/delay.h **** # warning "F_CPU not defined for <util/delay.h>"
  93:/usr/lib/avr/include/util/delay.h **** /** \ingroup util_delay
  94:/usr/lib/avr/include/util/delay.h ****     \def F_CPU
  95:/usr/lib/avr/include/util/delay.h ****     \brief CPU frequency in Hz
  96:/usr/lib/avr/include/util/delay.h **** 
  97:/usr/lib/avr/include/util/delay.h ****     The macro F_CPU specifies the CPU frequency to be considered by
  98:/usr/lib/avr/include/util/delay.h ****     the delay macros.  This macro is normally supplied by the
  99:/usr/lib/avr/include/util/delay.h ****     environment (e.g. from within a project header, or the project's
 100:/usr/lib/avr/include/util/delay.h ****     Makefile).  The value 1 MHz here is only provided as a "vanilla"
 101:/usr/lib/avr/include/util/delay.h ****     fallback if no such user-provided definition could be found.
 102:/usr/lib/avr/include/util/delay.h **** 
 103:/usr/lib/avr/include/util/delay.h ****     In terms of the delay functions, the CPU frequency can be given as
 104:/usr/lib/avr/include/util/delay.h ****     a floating-point constant (e.g. 3.6864E6 for 3.6864 MHz).
 105:/usr/lib/avr/include/util/delay.h ****     However, the macros in <util/setbaud.h> require it to be an
 106:/usr/lib/avr/include/util/delay.h ****     integer value.
 107:/usr/lib/avr/include/util/delay.h ****  */
 108:/usr/lib/avr/include/util/delay.h **** # define F_CPU 1000000UL
 109:/usr/lib/avr/include/util/delay.h **** #endif
 110:/usr/lib/avr/include/util/delay.h **** 
 111:/usr/lib/avr/include/util/delay.h **** #ifndef __OPTIMIZE__
 112:/usr/lib/avr/include/util/delay.h **** # warning "Compiler optimizations disabled; functions from <util/delay.h> won't work as designed"
 113:/usr/lib/avr/include/util/delay.h **** #endif
 114:/usr/lib/avr/include/util/delay.h **** 
 115:/usr/lib/avr/include/util/delay.h **** #if __HAS_DELAY_CYCLES && defined(__OPTIMIZE__) && \
 116:/usr/lib/avr/include/util/delay.h ****   !defined(__DELAY_BACKWARD_COMPATIBLE__) &&	   \
 117:/usr/lib/avr/include/util/delay.h ****   __STDC_HOSTED__
 118:/usr/lib/avr/include/util/delay.h **** #  include <math.h>
 119:/usr/lib/avr/include/util/delay.h **** #endif
 120:/usr/lib/avr/include/util/delay.h **** 
 121:/usr/lib/avr/include/util/delay.h **** /**
 122:/usr/lib/avr/include/util/delay.h ****    \ingroup util_delay
 123:/usr/lib/avr/include/util/delay.h **** 
 124:/usr/lib/avr/include/util/delay.h ****    Perform a delay of \c __ms milliseconds, using _delay_loop_2().
 125:/usr/lib/avr/include/util/delay.h **** 
 126:/usr/lib/avr/include/util/delay.h ****    The macro F_CPU is supposed to be defined to a
 127:/usr/lib/avr/include/util/delay.h ****    constant defining the CPU clock frequency (in Hertz).
 128:/usr/lib/avr/include/util/delay.h **** 
 129:/usr/lib/avr/include/util/delay.h ****    The maximal possible delay is 262.14 ms / F_CPU in MHz.
 130:/usr/lib/avr/include/util/delay.h **** 
 131:/usr/lib/avr/include/util/delay.h ****    When the user request delay which exceed the maximum possible one,
 132:/usr/lib/avr/include/util/delay.h ****    _delay_ms() provides a decreased resolution functionality. In this
 133:/usr/lib/avr/include/util/delay.h ****    mode _delay_ms() will work with a resolution of 1/10 ms, providing
 134:/usr/lib/avr/include/util/delay.h ****    delays up to 6.5535 seconds (independent from CPU frequency).  The
 135:/usr/lib/avr/include/util/delay.h ****    user will not be informed about decreased resolution.
 136:/usr/lib/avr/include/util/delay.h **** 
 137:/usr/lib/avr/include/util/delay.h ****    If the avr-gcc toolchain has __builtin_avr_delay_cycles()
 138:/usr/lib/avr/include/util/delay.h ****    support, maximal possible delay is 4294967.295 ms/ F_CPU in MHz. For
 139:/usr/lib/avr/include/util/delay.h ****    values greater than the maximal possible delay, overflows results in
 140:/usr/lib/avr/include/util/delay.h ****    no delay i.e., 0ms.
 141:/usr/lib/avr/include/util/delay.h **** 
 142:/usr/lib/avr/include/util/delay.h ****    Conversion of \c __ms into clock cycles may not always result in
 143:/usr/lib/avr/include/util/delay.h ****    integer.  By default, the clock cycles rounded up to next
 144:/usr/lib/avr/include/util/delay.h ****    integer. This ensures that the user gets at least \c __ms
 145:/usr/lib/avr/include/util/delay.h ****    microseconds of delay.
 146:/usr/lib/avr/include/util/delay.h **** 
 147:/usr/lib/avr/include/util/delay.h ****    Alternatively, by defining the macro \c __DELAY_ROUND_DOWN__, or
 148:/usr/lib/avr/include/util/delay.h ****    \c __DELAY_ROUND_CLOSEST__, before including this header file, the
 149:/usr/lib/avr/include/util/delay.h ****    algorithm can be made to round down, or round to closest integer,
 150:/usr/lib/avr/include/util/delay.h ****    respectively.
 151:/usr/lib/avr/include/util/delay.h **** 
 152:/usr/lib/avr/include/util/delay.h ****    \note
 153:/usr/lib/avr/include/util/delay.h **** 
 154:/usr/lib/avr/include/util/delay.h ****    The implementation of _delay_ms() based on
 155:/usr/lib/avr/include/util/delay.h ****    __builtin_avr_delay_cycles() is not backward compatible with older
 156:/usr/lib/avr/include/util/delay.h ****    implementations.  In order to get functionality backward compatible
 157:/usr/lib/avr/include/util/delay.h ****    with previous versions, the macro \c "__DELAY_BACKWARD_COMPATIBLE__"
 158:/usr/lib/avr/include/util/delay.h ****    must be defined before including this header file. Also, the
 159:/usr/lib/avr/include/util/delay.h ****    backward compatible algorithm will be chosen if the code is
 160:/usr/lib/avr/include/util/delay.h ****    compiled in a <em>freestanding environment</em> (GCC option
 161:/usr/lib/avr/include/util/delay.h ****    \c -ffreestanding), as the math functions required for rounding are
 162:/usr/lib/avr/include/util/delay.h ****    not available to the compiler then.
 163:/usr/lib/avr/include/util/delay.h **** 
 164:/usr/lib/avr/include/util/delay.h ****  */
 165:/usr/lib/avr/include/util/delay.h **** void
 166:/usr/lib/avr/include/util/delay.h **** _delay_ms(double __ms)
 167:/usr/lib/avr/include/util/delay.h **** {
 168:/usr/lib/avr/include/util/delay.h **** 	double __tmp ;
 169:/usr/lib/avr/include/util/delay.h **** #if __HAS_DELAY_CYCLES && defined(__OPTIMIZE__) && \
 170:/usr/lib/avr/include/util/delay.h ****   !defined(__DELAY_BACKWARD_COMPATIBLE__) &&	   \
 171:/usr/lib/avr/include/util/delay.h ****   __STDC_HOSTED__
 172:/usr/lib/avr/include/util/delay.h **** 	uint32_t __ticks_dc;
 173:/usr/lib/avr/include/util/delay.h **** 	extern void __builtin_avr_delay_cycles(unsigned long);
 174:/usr/lib/avr/include/util/delay.h **** 	__tmp = ((F_CPU) / 1e3) * __ms;
 175:/usr/lib/avr/include/util/delay.h **** 
 176:/usr/lib/avr/include/util/delay.h **** 	#if defined(__DELAY_ROUND_DOWN__)
 177:/usr/lib/avr/include/util/delay.h **** 		__ticks_dc = (uint32_t)fabs(__tmp);
 178:/usr/lib/avr/include/util/delay.h **** 
 179:/usr/lib/avr/include/util/delay.h **** 	#elif defined(__DELAY_ROUND_CLOSEST__)
 180:/usr/lib/avr/include/util/delay.h **** 		__ticks_dc = (uint32_t)(fabs(__tmp)+0.5);
 181:/usr/lib/avr/include/util/delay.h **** 
 182:/usr/lib/avr/include/util/delay.h **** 	#else
 183:/usr/lib/avr/include/util/delay.h **** 		//round up by default
 184:/usr/lib/avr/include/util/delay.h **** 		__ticks_dc = (uint32_t)(ceil(fabs(__tmp)));
 185:/usr/lib/avr/include/util/delay.h **** 	#endif
 186:/usr/lib/avr/include/util/delay.h **** 
 187:/usr/lib/avr/include/util/delay.h **** 	__builtin_avr_delay_cycles(__ticks_dc);
 188:/usr/lib/avr/include/util/delay.h **** 
 189:/usr/lib/avr/include/util/delay.h **** #else
 190:/usr/lib/avr/include/util/delay.h **** 	uint16_t __ticks;
 191:/usr/lib/avr/include/util/delay.h **** 	__tmp = ((F_CPU) / 4e3) * __ms;
 192:/usr/lib/avr/include/util/delay.h **** 	if (__tmp < 1.0)
 193:/usr/lib/avr/include/util/delay.h **** 		__ticks = 1;
 194:/usr/lib/avr/include/util/delay.h **** 	else if (__tmp > 65535)
 195:/usr/lib/avr/include/util/delay.h **** 	{
 196:/usr/lib/avr/include/util/delay.h **** 		//	__ticks = requested delay in 1/10 ms
 197:/usr/lib/avr/include/util/delay.h **** 		__ticks = (uint16_t) (__ms * 10.0);
 198:/usr/lib/avr/include/util/delay.h **** 		while(__ticks)
 199:/usr/lib/avr/include/util/delay.h **** 		{
 200:/usr/lib/avr/include/util/delay.h **** 			// wait 1/10 ms
 201:/usr/lib/avr/include/util/delay.h **** 			_delay_loop_2(((F_CPU) / 4e3) / 10);
 202:/usr/lib/avr/include/util/delay.h **** 			__ticks --;
 203:/usr/lib/avr/include/util/delay.h **** 		}
 204:/usr/lib/avr/include/util/delay.h **** 		return;
 205:/usr/lib/avr/include/util/delay.h **** 	}
 206:/usr/lib/avr/include/util/delay.h **** 	else
 207:/usr/lib/avr/include/util/delay.h **** 		__ticks = (uint16_t)__tmp;
 208:/usr/lib/avr/include/util/delay.h **** 	_delay_loop_2(__ticks);
 209:/usr/lib/avr/include/util/delay.h **** #endif
 210:/usr/lib/avr/include/util/delay.h **** }
 211:/usr/lib/avr/include/util/delay.h **** 
 212:/usr/lib/avr/include/util/delay.h **** /**
 213:/usr/lib/avr/include/util/delay.h ****    \ingroup util_delay
 214:/usr/lib/avr/include/util/delay.h **** 
 215:/usr/lib/avr/include/util/delay.h ****    Perform a delay of \c __us microseconds, using _delay_loop_1().
 216:/usr/lib/avr/include/util/delay.h **** 
 217:/usr/lib/avr/include/util/delay.h ****    The macro F_CPU is supposed to be defined to a
 218:/usr/lib/avr/include/util/delay.h ****    constant defining the CPU clock frequency (in Hertz).
 219:/usr/lib/avr/include/util/delay.h **** 
 220:/usr/lib/avr/include/util/delay.h ****    The maximal possible delay is 768 us / F_CPU in MHz.
 221:/usr/lib/avr/include/util/delay.h **** 
 222:/usr/lib/avr/include/util/delay.h ****    If the user requests a delay greater than the maximal possible one,
 223:/usr/lib/avr/include/util/delay.h ****    _delay_us() will automatically call _delay_ms() instead.  The user
 224:/usr/lib/avr/include/util/delay.h ****    will not be informed about this case.
 225:/usr/lib/avr/include/util/delay.h **** 
 226:/usr/lib/avr/include/util/delay.h ****    If the avr-gcc toolchain has __builtin_avr_delay_cycles()
 227:/usr/lib/avr/include/util/delay.h ****    support, maximal possible delay is 4294967.295 us/ F_CPU in MHz. For
 228:/usr/lib/avr/include/util/delay.h ****    values greater than the maximal possible delay, overflow results in
 229:/usr/lib/avr/include/util/delay.h ****    no delay i.e., 0us.
 230:/usr/lib/avr/include/util/delay.h **** 
 231:/usr/lib/avr/include/util/delay.h ****    Conversion of \c __us into clock cycles may not always result in
 232:/usr/lib/avr/include/util/delay.h ****    integer.  By default, the clock cycles rounded up to next
 233:/usr/lib/avr/include/util/delay.h ****    integer. This ensures that the user gets at least \c __us
 234:/usr/lib/avr/include/util/delay.h ****    microseconds of delay.
 235:/usr/lib/avr/include/util/delay.h **** 
 236:/usr/lib/avr/include/util/delay.h ****    Alternatively, by defining the macro \c __DELAY_ROUND_DOWN__, or
 237:/usr/lib/avr/include/util/delay.h ****    \c __DELAY_ROUND_CLOSEST__, before including this header file, the
 238:/usr/lib/avr/include/util/delay.h ****    algorithm can be made to round down, or round to closest integer,
 239:/usr/lib/avr/include/util/delay.h ****    respectively.
 240:/usr/lib/avr/include/util/delay.h **** 
 241:/usr/lib/avr/include/util/delay.h ****    \note
 242:/usr/lib/avr/include/util/delay.h **** 
 243:/usr/lib/avr/include/util/delay.h ****    The implementation of _delay_ms() based on
 244:/usr/lib/avr/include/util/delay.h ****    __builtin_avr_delay_cycles() is not backward compatible with older
 245:/usr/lib/avr/include/util/delay.h ****    implementations.  In order to get functionality backward compatible
 246:/usr/lib/avr/include/util/delay.h ****    with previous versions, the macro \c __DELAY_BACKWARD_COMPATIBLE__
 247:/usr/lib/avr/include/util/delay.h ****    must be defined before including this header file. Also, the
 248:/usr/lib/avr/include/util/delay.h ****    backward compatible algorithm will be chosen if the code is
 249:/usr/lib/avr/include/util/delay.h ****    compiled in a <em>freestanding environment</em> (GCC option
 250:/usr/lib/avr/include/util/delay.h ****    \c -ffreestanding), as the math functions required for rounding are
 251:/usr/lib/avr/include/util/delay.h ****    not available to the compiler then.
 252:/usr/lib/avr/include/util/delay.h **** 
 253:/usr/lib/avr/include/util/delay.h ****  */
 254:/usr/lib/avr/include/util/delay.h **** void
 255:/usr/lib/avr/include/util/delay.h **** _delay_us(double __us)
 256:/usr/lib/avr/include/util/delay.h **** {
 257:/usr/lib/avr/include/util/delay.h **** 	double __tmp ;
 258:/usr/lib/avr/include/util/delay.h **** #if __HAS_DELAY_CYCLES && defined(__OPTIMIZE__) && \
 259:/usr/lib/avr/include/util/delay.h ****   !defined(__DELAY_BACKWARD_COMPATIBLE__) &&	   \
 260:/usr/lib/avr/include/util/delay.h ****   __STDC_HOSTED__
 261:/usr/lib/avr/include/util/delay.h **** 	uint32_t __ticks_dc;
 262:/usr/lib/avr/include/util/delay.h **** 	extern void __builtin_avr_delay_cycles(unsigned long);
 263:/usr/lib/avr/include/util/delay.h **** 	__tmp = ((F_CPU) / 1e6) * __us;
 264:/usr/lib/avr/include/util/delay.h **** 
 265:/usr/lib/avr/include/util/delay.h **** 	#if defined(__DELAY_ROUND_DOWN__)
 266:/usr/lib/avr/include/util/delay.h **** 		__ticks_dc = (uint32_t)fabs(__tmp);
 267:/usr/lib/avr/include/util/delay.h **** 
 268:/usr/lib/avr/include/util/delay.h **** 	#elif defined(__DELAY_ROUND_CLOSEST__)
 269:/usr/lib/avr/include/util/delay.h **** 		__ticks_dc = (uint32_t)(fabs(__tmp)+0.5);
 270:/usr/lib/avr/include/util/delay.h **** 
 271:/usr/lib/avr/include/util/delay.h **** 	#else
 272:/usr/lib/avr/include/util/delay.h **** 		//round up by default
 273:/usr/lib/avr/include/util/delay.h **** 		__ticks_dc = (uint32_t)(ceil(fabs(__tmp)));
 274:/usr/lib/avr/include/util/delay.h **** 	#endif
 275:/usr/lib/avr/include/util/delay.h **** 
 276:/usr/lib/avr/include/util/delay.h **** 	__builtin_avr_delay_cycles(__ticks_dc);
  51               		.loc 2 276 0
  52 0010 8AE0      		ldi r24,lo8(10)
  53 0012 8A95      	1:	dec r24
  54 0014 01F4      		brne 1b
  55 0016 00C0      		rjmp .
  56               	.LVL1:
  57 0018 0895      		ret
  58               	.LBE91:
  59               	.LBE90:
  60               		.cfi_endproc
  61               	.LFE7:
  63               	.global	ds1302_stop
  65               	ds1302_stop:
  66               	.LFB8:
  52:full2.c       **** void ds1302_stop(void)  { DS1302_PORT &= ~(1 << DS1302_CE); _delay_us(4); }
  67               		.loc 1 52 0
  68               		.cfi_startproc
  69               	/* prologue: function */
  70               	/* frame size = 0 */
  71               	/* stack size = 0 */
  72               	.L__stack_usage = 0
  73               		.loc 1 52 0
  74 001a 5E98      		cbi 0xb,6
  75               	.LVL2:
  76               	.LBB92:
  77               	.LBB93:
  78               		.loc 2 276 0
  79 001c 8AE0      		ldi r24,lo8(10)
  80 001e 8A95      	1:	dec r24
  81 0020 01F4      		brne 1b
  82 0022 00C0      		rjmp .
  83               	.LVL3:
  84 0024 0895      		ret
  85               	.LBE93:
  86               	.LBE92:
  87               		.cfi_endproc
  88               	.LFE8:
  90               	.global	ds1302_write_byte
  92               	ds1302_write_byte:
  93               	.LFB9:
  53:full2.c       **** 
  54:full2.c       **** void ds1302_write_byte(uint8_t data) {
  94               		.loc 1 54 0
  95               		.cfi_startproc
  96               	.LVL4:
  97               	/* prologue: function */
  98               	/* frame size = 0 */
  99               	/* stack size = 0 */
 100               	.L__stack_usage = 0
 101               		.loc 1 54 0
 102 0026 98E0      		ldi r25,lo8(8)
 103               	.LVL5:
 104               	.L7:
 105               	.LBB94:
  55:full2.c       ****     for (uint8_t i = 0; i < 8; i++) {
  56:full2.c       ****         if (data & 0x01) DS1302_PORT |= (1 << DS1302_IO);
 106               		.loc 1 56 0
 107 0028 80FF      		sbrs r24,0
 108 002a 00C0      		rjmp .L5
 109               		.loc 1 56 0 is_stmt 0 discriminator 1
 110 002c 5B9A      		sbi 0xb,3
 111 002e 00C0      		rjmp .L6
 112               	.L5:
  57:full2.c       ****         else DS1302_PORT &= ~(1 << DS1302_IO);
 113               		.loc 1 57 0 is_stmt 1
 114 0030 5B98      		cbi 0xb,3
 115               	.L6:
  58:full2.c       ****         DS1302_PORT |= (1 << DS1302_CLK);
 116               		.loc 1 58 0 discriminator 2
 117 0032 5A9A      		sbi 0xb,2
 118               	.LVL6:
 119               	.LBB95:
 120               	.LBB96:
 121               		.loc 2 276 0 discriminator 2
 122 0034 22E0      		ldi r18,lo8(2)
 123 0036 2A95      	1:	dec r18
 124 0038 01F4      		brne 1b
 125 003a 00C0      		rjmp .
 126               	.LVL7:
 127               	.LBE96:
 128               	.LBE95:
  59:full2.c       ****         _delay_us(1);
  60:full2.c       ****         DS1302_PORT &= ~(1 << DS1302_CLK);
 129               		.loc 1 60 0 discriminator 2
 130 003c 5A98      		cbi 0xb,2
 131               	.LVL8:
 132               	.LBB97:
 133               	.LBB98:
 134               		.loc 2 276 0 discriminator 2
 135 003e 22E0      		ldi r18,lo8(2)
 136 0040 2A95      	1:	dec r18
 137 0042 01F4      		brne 1b
 138 0044 00C0      		rjmp .
 139               	.LVL9:
 140               	.LBE98:
 141               	.LBE97:
  61:full2.c       ****         _delay_us(1);
  62:full2.c       ****         data >>= 1;
 142               		.loc 1 62 0 discriminator 2
 143 0046 8695      		lsr r24
 144               	.LVL10:
 145 0048 9150      		subi r25,lo8(-(-1))
 146               	.LVL11:
  55:full2.c       ****         if (data & 0x01) DS1302_PORT |= (1 << DS1302_IO);
 147               		.loc 1 55 0 discriminator 2
 148 004a 01F4      		brne .L7
 149               	/* epilogue start */
 150               	.LBE94:
  63:full2.c       ****     }
  64:full2.c       **** }
 151               		.loc 1 64 0
 152 004c 0895      		ret
 153               		.cfi_endproc
 154               	.LFE9:
 156               	.global	ds1302_read_byte
 158               	ds1302_read_byte:
 159               	.LFB10:
  65:full2.c       **** 
  66:full2.c       **** uint8_t ds1302_read_byte(void) {
 160               		.loc 1 66 0
 161               		.cfi_startproc
 162               	/* prologue: function */
 163               	/* frame size = 0 */
 164               	/* stack size = 0 */
 165               	.L__stack_usage = 0
 166               	.LVL12:
  67:full2.c       ****     uint8_t data = 0;
  68:full2.c       ****     DS1302_DDR &= ~(1 << DS1302_IO);
 167               		.loc 1 68 0
 168 004e 5398      		cbi 0xa,3
 169               	.LVL13:
 170 0050 98E0      		ldi r25,lo8(8)
  67:full2.c       ****     uint8_t data = 0;
 171               		.loc 1 67 0
 172 0052 80E0      		ldi r24,0
 173               	.LVL14:
 174               	.L12:
 175               	.LBB99:
  69:full2.c       ****     for (uint8_t i = 0; i < 8; i++) {
  70:full2.c       ****         data >>= 1;
 176               		.loc 1 70 0
 177 0054 8695      		lsr r24
 178               	.LVL15:
  71:full2.c       ****         if (DS1302_PIN & (1 << DS1302_IO)) data |= 0x80;
 179               		.loc 1 71 0
 180 0056 4B99      		sbic 0x9,3
 181               		.loc 1 71 0 is_stmt 0 discriminator 1
 182 0058 8068      		ori r24,lo8(-128)
 183               	.LVL16:
 184               	.L11:
  72:full2.c       ****         DS1302_PORT |= (1 << DS1302_CLK);
 185               		.loc 1 72 0 is_stmt 1 discriminator 2
 186 005a 5A9A      		sbi 0xb,2
 187               	.LVL17:
 188               	.LBB100:
 189               	.LBB101:
 190               		.loc 2 276 0 discriminator 2
 191 005c 22E0      		ldi r18,lo8(2)
 192 005e 2A95      	1:	dec r18
 193 0060 01F4      		brne 1b
 194 0062 00C0      		rjmp .
 195               	.LVL18:
 196               	.LBE101:
 197               	.LBE100:
  73:full2.c       ****         _delay_us(1);
  74:full2.c       ****         DS1302_PORT &= ~(1 << DS1302_CLK);
 198               		.loc 1 74 0 discriminator 2
 199 0064 5A98      		cbi 0xb,2
 200               	.LVL19:
 201               	.LBB102:
 202               	.LBB103:
 203               		.loc 2 276 0 discriminator 2
 204 0066 22E0      		ldi r18,lo8(2)
 205 0068 2A95      	1:	dec r18
 206 006a 01F4      		brne 1b
 207 006c 00C0      		rjmp .
 208               	.LVL20:
 209 006e 9150      		subi r25,lo8(-(-1))
 210               	.LVL21:
 211               	.LBE103:
 212               	.LBE102:
  69:full2.c       ****         data >>= 1;
 213               		.loc 1 69 0 discriminator 2
 214 0070 01F4      		brne .L12
 215               	.LBE99:
  75:full2.c       ****         _delay_us(1);
  76:full2.c       ****     }
  77:full2.c       ****     DS1302_DDR |= (1 << DS1302_IO);
 216               		.loc 1 77 0
 217 0072 539A      		sbi 0xa,3
  78:full2.c       ****     return data;
  79:full2.c       **** }
 218               		.loc 1 79 0
 219 0074 0895      		ret
 220               		.cfi_endproc
 221               	.LFE10:
 223               	.global	bcd_to_dec
 225               	bcd_to_dec:
 226               	.LFB11:
  80:full2.c       **** 
  81:full2.c       **** uint8_t bcd_to_dec(uint8_t bcd) { return ((bcd >> 4) * 10) + (bcd & 0x0F); }
 227               		.loc 1 81 0
 228               		.cfi_startproc
 229               	.LVL22:
 230               	/* prologue: function */
 231               	/* frame size = 0 */
 232               	/* stack size = 0 */
 233               	.L__stack_usage = 0
 234               		.loc 1 81 0
 235 0076 982F      		mov r25,r24
 236 0078 9295      		swap r25
 237 007a 9F70      		andi r25,lo8(15)
 238 007c 8F70      		andi r24,lo8(15)
 239               	.LVL23:
 240 007e 2AE0      		ldi r18,lo8(10)
 241 0080 929F      		mul r25,r18
 242 0082 800D      		add r24,r0
 243 0084 1124      		clr __zero_reg__
 244 0086 0895      		ret
 245               		.cfi_endproc
 246               	.LFE11:
 248               	.global	dec_to_bcd
 250               	dec_to_bcd:
 251               	.LFB12:
  82:full2.c       **** uint8_t dec_to_bcd(uint8_t dec) { return ((dec / 10) << 4) | (dec % 10); }
 252               		.loc 1 82 0
 253               		.cfi_startproc
 254               	.LVL24:
 255               	/* prologue: function */
 256               	/* frame size = 0 */
 257               	/* stack size = 0 */
 258               	.L__stack_usage = 0
 259               		.loc 1 82 0
 260 0088 6AE0      		ldi r22,lo8(10)
 261 008a 0E94 0000 		call __udivmodqi4
 262               	.LVL25:
 263 008e 292F      		mov r18,r25
 264 0090 30E1      		ldi r19,lo8(16)
 265 0092 839F      		mul r24,r19
 266 0094 C001      		movw r24,r0
 267 0096 1124      		clr __zero_reg__
 268 0098 822B      		or r24,r18
 269 009a 0895      		ret
 270               		.cfi_endproc
 271               	.LFE12:
 273               	.global	ds1302_write
 275               	ds1302_write:
 276               	.LFB13:
  83:full2.c       **** 
  84:full2.c       **** void ds1302_write(uint8_t addr, uint8_t data) {
 277               		.loc 1 84 0
 278               		.cfi_startproc
 279               	.LVL26:
 280 009c CF93      		push r28
 281               	.LCFI0:
 282               		.cfi_def_cfa_offset 3
 283               		.cfi_offset 28, -2
 284 009e DF93      		push r29
 285               	.LCFI1:
 286               		.cfi_def_cfa_offset 4
 287               		.cfi_offset 29, -3
 288               	/* prologue: function */
 289               	/* frame size = 0 */
 290               	/* stack size = 2 */
 291               	.L__stack_usage = 2
 292 00a0 D82F      		mov r29,r24
 293 00a2 C62F      		mov r28,r22
  85:full2.c       ****     ds1302_start();
 294               		.loc 1 85 0
 295 00a4 0E94 0000 		call ds1302_start
 296               	.LVL27:
  86:full2.c       ****     ds1302_write_byte(addr);
 297               		.loc 1 86 0
 298 00a8 8D2F      		mov r24,r29
 299 00aa 0E94 0000 		call ds1302_write_byte
 300               	.LVL28:
  87:full2.c       ****     ds1302_write_byte(data);
 301               		.loc 1 87 0
 302 00ae 8C2F      		mov r24,r28
 303 00b0 0E94 0000 		call ds1302_write_byte
 304               	.LVL29:
 305               	/* epilogue start */
  88:full2.c       ****     ds1302_stop();
  89:full2.c       **** }
 306               		.loc 1 89 0
 307 00b4 DF91      		pop r29
 308               	.LVL30:
 309 00b6 CF91      		pop r28
 310               	.LVL31:
  88:full2.c       ****     ds1302_stop();
 311               		.loc 1 88 0
 312 00b8 0C94 0000 		jmp ds1302_stop
 313               	.LVL32:
 314               		.cfi_endproc
 315               	.LFE13:
 317               	.global	ds1302_read
 319               	ds1302_read:
 320               	.LFB14:
  90:full2.c       **** 
  91:full2.c       **** uint8_t ds1302_read(uint8_t addr) {
 321               		.loc 1 91 0
 322               		.cfi_startproc
 323               	.LVL33:
 324 00bc CF93      		push r28
 325               	.LCFI2:
 326               		.cfi_def_cfa_offset 3
 327               		.cfi_offset 28, -2
 328               	/* prologue: function */
 329               	/* frame size = 0 */
 330               	/* stack size = 1 */
 331               	.L__stack_usage = 1
 332 00be C82F      		mov r28,r24
  92:full2.c       ****     uint8_t data;
  93:full2.c       ****     ds1302_start();
 333               		.loc 1 93 0
 334 00c0 0E94 0000 		call ds1302_start
 335               	.LVL34:
  94:full2.c       ****     ds1302_write_byte(addr | 0x01);
 336               		.loc 1 94 0
 337 00c4 8C2F      		mov r24,r28
 338 00c6 8160      		ori r24,lo8(1)
 339 00c8 0E94 0000 		call ds1302_write_byte
 340               	.LVL35:
  95:full2.c       ****     data = ds1302_read_byte();
 341               		.loc 1 95 0
 342 00cc 0E94 0000 		call ds1302_read_byte
 343               	.LVL36:
 344 00d0 C82F      		mov r28,r24
 345               	.LVL37:
  96:full2.c       ****     ds1302_stop();
 346               		.loc 1 96 0
 347 00d2 0E94 0000 		call ds1302_stop
 348               	.LVL38:
  97:full2.c       ****     return data;
  98:full2.c       **** }
 349               		.loc 1 98 0
 350 00d6 8C2F      		mov r24,r28
 351               	/* epilogue start */
 352 00d8 CF91      		pop r28
 353               	.LVL39:
 354 00da 0895      		ret
 355               		.cfi_endproc
 356               	.LFE14:
 358               	.global	ds1302_set_time
 360               	ds1302_set_time:
 361               	.LFB15:
  99:full2.c       **** 
 100:full2.c       **** void ds1302_set_time(uint8_t h, uint8_t m, uint8_t s) {
 362               		.loc 1 100 0
 363               		.cfi_startproc
 364               	.LVL40:
 365 00dc 1F93      		push r17
 366               	.LCFI3:
 367               		.cfi_def_cfa_offset 3
 368               		.cfi_offset 17, -2
 369 00de CF93      		push r28
 370               	.LCFI4:
 371               		.cfi_def_cfa_offset 4
 372               		.cfi_offset 28, -3
 373 00e0 DF93      		push r29
 374               	.LCFI5:
 375               		.cfi_def_cfa_offset 5
 376               		.cfi_offset 29, -4
 377               	/* prologue: function */
 378               	/* frame size = 0 */
 379               	/* stack size = 3 */
 380               	.L__stack_usage = 3
 381 00e2 C82F      		mov r28,r24
 382 00e4 D62F      		mov r29,r22
 383 00e6 142F      		mov r17,r20
 101:full2.c       ****     ds1302_write(0x8E, 0x00);
 384               		.loc 1 101 0
 385 00e8 60E0      		ldi r22,0
 386               	.LVL41:
 387 00ea 8EE8      		ldi r24,lo8(-114)
 388               	.LVL42:
 389 00ec 0E94 0000 		call ds1302_write
 390               	.LVL43:
 102:full2.c       ****     ds1302_write(0x80, dec_to_bcd(s));
 391               		.loc 1 102 0
 392 00f0 812F      		mov r24,r17
 393 00f2 0E94 0000 		call dec_to_bcd
 394               	.LVL44:
 395 00f6 682F      		mov r22,r24
 396 00f8 80E8      		ldi r24,lo8(-128)
 397 00fa 0E94 0000 		call ds1302_write
 398               	.LVL45:
 103:full2.c       ****     ds1302_write(0x82, dec_to_bcd(m));
 399               		.loc 1 103 0
 400 00fe 8D2F      		mov r24,r29
 401 0100 0E94 0000 		call dec_to_bcd
 402               	.LVL46:
 403 0104 682F      		mov r22,r24
 404 0106 82E8      		ldi r24,lo8(-126)
 405 0108 0E94 0000 		call ds1302_write
 406               	.LVL47:
 104:full2.c       ****     ds1302_write(0x84, dec_to_bcd(h));
 407               		.loc 1 104 0
 408 010c 8C2F      		mov r24,r28
 409 010e 0E94 0000 		call dec_to_bcd
 410               	.LVL48:
 411 0112 682F      		mov r22,r24
 412 0114 84E8      		ldi r24,lo8(-124)
 413 0116 0E94 0000 		call ds1302_write
 414               	.LVL49:
 105:full2.c       ****     ds1302_write(0x8E, 0x80);
 415               		.loc 1 105 0
 416 011a 60E8      		ldi r22,lo8(-128)
 417 011c 8EE8      		ldi r24,lo8(-114)
 418               	/* epilogue start */
 106:full2.c       **** }
 419               		.loc 1 106 0
 420 011e DF91      		pop r29
 421               	.LVL50:
 422 0120 CF91      		pop r28
 423               	.LVL51:
 424 0122 1F91      		pop r17
 425               	.LVL52:
 105:full2.c       ****     ds1302_write(0x8E, 0x80);
 426               		.loc 1 105 0
 427 0124 0C94 0000 		jmp ds1302_write
 428               	.LVL53:
 429               		.cfi_endproc
 430               	.LFE15:
 432               	.global	ds1302_get_time
 434               	ds1302_get_time:
 435               	.LFB16:
 107:full2.c       **** 
 108:full2.c       **** void ds1302_get_time(uint8_t *h, uint8_t *m, uint8_t *s) {
 436               		.loc 1 108 0
 437               		.cfi_startproc
 438               	.LVL54:
 439 0128 EF92      		push r14
 440               	.LCFI6:
 441               		.cfi_def_cfa_offset 3
 442               		.cfi_offset 14, -2
 443 012a FF92      		push r15
 444               	.LCFI7:
 445               		.cfi_def_cfa_offset 4
 446               		.cfi_offset 15, -3
 447 012c 0F93      		push r16
 448               	.LCFI8:
 449               		.cfi_def_cfa_offset 5
 450               		.cfi_offset 16, -4
 451 012e 1F93      		push r17
 452               	.LCFI9:
 453               		.cfi_def_cfa_offset 6
 454               		.cfi_offset 17, -5
 455 0130 CF93      		push r28
 456               	.LCFI10:
 457               		.cfi_def_cfa_offset 7
 458               		.cfi_offset 28, -6
 459 0132 DF93      		push r29
 460               	.LCFI11:
 461               		.cfi_def_cfa_offset 8
 462               		.cfi_offset 29, -7
 463               	/* prologue: function */
 464               	/* frame size = 0 */
 465               	/* stack size = 6 */
 466               	.L__stack_usage = 6
 467 0134 EC01      		movw r28,r24
 468 0136 8B01      		movw r16,r22
 469 0138 7A01      		movw r14,r20
 109:full2.c       ****     *s = bcd_to_dec(ds1302_read(0x80));
 470               		.loc 1 109 0
 471 013a 80E8      		ldi r24,lo8(-128)
 472               	.LVL55:
 473 013c 0E94 0000 		call ds1302_read
 474               	.LVL56:
 475 0140 0E94 0000 		call bcd_to_dec
 476               	.LVL57:
 477 0144 F701      		movw r30,r14
 478 0146 8083      		st Z,r24
 110:full2.c       ****     *m = bcd_to_dec(ds1302_read(0x82));
 479               		.loc 1 110 0
 480 0148 82E8      		ldi r24,lo8(-126)
 481 014a 0E94 0000 		call ds1302_read
 482               	.LVL58:
 483 014e 0E94 0000 		call bcd_to_dec
 484               	.LVL59:
 485 0152 F801      		movw r30,r16
 486 0154 8083      		st Z,r24
 111:full2.c       ****     *h = bcd_to_dec(ds1302_read(0x84));
 487               		.loc 1 111 0
 488 0156 84E8      		ldi r24,lo8(-124)
 489 0158 0E94 0000 		call ds1302_read
 490               	.LVL60:
 491 015c 0E94 0000 		call bcd_to_dec
 492               	.LVL61:
 493 0160 8883      		st Y,r24
 494               	/* epilogue start */
 112:full2.c       **** }
 495               		.loc 1 112 0
 496 0162 DF91      		pop r29
 497 0164 CF91      		pop r28
 498               	.LVL62:
 499 0166 1F91      		pop r17
 500 0168 0F91      		pop r16
 501               	.LVL63:
 502 016a FF90      		pop r15
 503 016c EF90      		pop r14
 504               	.LVL64:
 505 016e 0895      		ret
 506               		.cfi_endproc
 507               	.LFE16:
 509               	.global	button_pressed
 511               	button_pressed:
 512               	.LFB17:
 113:full2.c       **** 
 114:full2.c       **** // -------------------- BUTTON READ --------------------
 115:full2.c       **** uint8_t button_pressed(volatile uint8_t *pin_reg, uint8_t pin, uint8_t *last_state) {
 513               		.loc 1 115 0
 514               		.cfi_startproc
 515               	.LVL65:
 516               	/* prologue: function */
 517               	/* frame size = 0 */
 518               	/* stack size = 0 */
 519               	.L__stack_usage = 0
 520 0170 DC01      		movw r26,r24
 521 0172 FA01      		movw r30,r20
 116:full2.c       ****     uint8_t current_state = !(*pin_reg & (1 << pin)); // Active-low
 522               		.loc 1 116 0
 523 0174 2C91      		ld r18,X
 524               	.LVL66:
 117:full2.c       ****     if (current_state && !(*last_state)) {
 525               		.loc 1 117 0
 526 0176 30E0      		ldi r19,0
 527 0178 062E      		mov r0,r22
 528 017a 00C0      		rjmp 2f
 529               		1:
 530 017c 3595      		asr r19
 531 017e 2795      		ror r18
 532               		2:
 533 0180 0A94      		dec r0
 534 0182 02F4      		brpl 1b
 535               	.LVL67:
 536 0184 9081      		ld r25,Z
 537 0186 20FD      		sbrc r18,0
 538 0188 00C0      		rjmp .L24
 539               		.loc 1 117 0 is_stmt 0 discriminator 1
 540 018a 9111      		cpse r25,__zero_reg__
 541 018c 00C0      		rjmp .L31
 542               	.LVL68:
 543               	.LBB110:
 544               	.LBB111:
 187:/usr/lib/avr/include/util/delay.h **** 
 545               		.loc 2 187 0 is_stmt 1
 546 018e 2FEF      		ldi r18,lo8(95999)
 547 0190 86E7      		ldi r24,hi8(95999)
 548 0192 91E0      		ldi r25,hlo8(95999)
 549 0194 2150      	1:	subi r18,1
 550 0196 8040      		sbci r24,0
 551 0198 9040      		sbci r25,0
 552 019a 01F4      		brne 1b
 553               	.LVL69:
 554 019c 00C0      		rjmp .
 555 019e 0000      		nop
 556               	.LVL70:
 557               	.LBE111:
 558               	.LBE110:
 118:full2.c       ****         _delay_ms(60); // debounce
 119:full2.c       ****         current_state = !(*pin_reg & (1 << pin));
 559               		.loc 1 119 0
 560 01a0 8C91      		ld r24,X
 561               	.LVL71:
 120:full2.c       ****         if (current_state) {
 562               		.loc 1 120 0
 563 01a2 90E0      		ldi r25,0
 564 01a4 00C0      		rjmp 2f
 565               		1:
 566 01a6 9595      		asr r25
 567 01a8 8795      		ror r24
 568               		2:
 569 01aa 6A95      		dec r22
 570 01ac 02F4      		brpl 1b
 571               	.LVL72:
 572 01ae 80FD      		sbrc r24,0
 573 01b0 00C0      		rjmp .L31
 121:full2.c       ****             *last_state = 1;
 574               		.loc 1 121 0
 575 01b2 81E0      		ldi r24,lo8(1)
 576 01b4 8083      		st Z,r24
 122:full2.c       ****             return 1;
 577               		.loc 1 122 0
 578 01b6 0895      		ret
 579               	.LVL73:
 580               	.L24:
 581               	.LBB112:
 582               	.LBB113:
 123:full2.c       ****         }
 124:full2.c       ****     } else if (!current_state && *last_state) {
 583               		.loc 1 124 0
 584 01b8 9111      		cpse r25,__zero_reg__
 125:full2.c       ****         *last_state = 0;
 585               		.loc 1 125 0
 586 01ba 1082      		st Z,__zero_reg__
 587               	.LVL74:
 588               	.L31:
 589 01bc 80E0      		ldi r24,0
 590               	.LBE113:
 591               	.LBE112:
 126:full2.c       ****     }
 127:full2.c       ****     return 0;
 128:full2.c       **** }
 592               		.loc 1 128 0
 593 01be 0895      		ret
 594               		.cfi_endproc
 595               	.LFE17:
 597               	.global	buzzer_on
 599               	buzzer_on:
 600               	.LFB18:
 129:full2.c       **** 
 130:full2.c       **** // -------------------- BUZZER --------------------
 131:full2.c       **** void buzzer_on() { PORTB |= (1 << BUZZER); }
 601               		.loc 1 131 0
 602               		.cfi_startproc
 603               	/* prologue: function */
 604               	/* frame size = 0 */
 605               	/* stack size = 0 */
 606               	.L__stack_usage = 0
 607               		.loc 1 131 0
 608 01c0 2C9A      		sbi 0x5,4
 609 01c2 0895      		ret
 610               		.cfi_endproc
 611               	.LFE18:
 613               	.global	buzzer_off
 615               	buzzer_off:
 616               	.LFB19:
 132:full2.c       **** void buzzer_off() { PORTB &= ~(1 << BUZZER); }
 617               		.loc 1 132 0
 618               		.cfi_startproc
 619               	/* prologue: function */
 620               	/* frame size = 0 */
 621               	/* stack size = 0 */
 622               	.L__stack_usage = 0
 623               		.loc 1 132 0
 624 01c4 2C98      		cbi 0x5,4
 625 01c6 0895      		ret
 626               		.cfi_endproc
 627               	.LFE19:
 629               	.global	servo_upper_init
 631               	servo_upper_init:
 632               	.LFB20:
 133:full2.c       **** 
 134:full2.c       **** // -------------------- SERVO UPPER (PB2) --------------------
 135:full2.c       **** void servo_upper_init() {
 633               		.loc 1 135 0
 634               		.cfi_startproc
 635               	/* prologue: function */
 636               	/* frame size = 0 */
 637               	/* stack size = 0 */
 638               	.L__stack_usage = 0
 136:full2.c       ****     DDRB |= (1 << SERVO_UPPER);
 639               		.loc 1 136 0
 640 01c8 229A      		sbi 0x4,2
 137:full2.c       ****     ICR1 = 39999; 
 641               		.loc 1 137 0
 642 01ca 8FE3      		ldi r24,lo8(63)
 643 01cc 9CE9      		ldi r25,lo8(-100)
 644 01ce 9093 8700 		sts 134+1,r25
 645 01d2 8093 8600 		sts 134,r24
 138:full2.c       ****     TCCR1A = (1 << COM1B1) | (1 << WGM11);
 646               		.loc 1 138 0
 647 01d6 82E2      		ldi r24,lo8(34)
 648 01d8 8093 8000 		sts 128,r24
 139:full2.c       ****     TCCR1B = (1 << WGM13) | (1 << WGM12) | (1 << CS11);
 649               		.loc 1 139 0
 650 01dc 8AE1      		ldi r24,lo8(26)
 651 01de 8093 8100 		sts 129,r24
 652 01e2 0895      		ret
 653               		.cfi_endproc
 654               	.LFE20:
 656               	.global	servo_upper_angle
 658               	servo_upper_angle:
 659               	.LFB21:
 140:full2.c       **** }
 141:full2.c       **** 
 142:full2.c       **** void servo_upper_angle(uint8_t angle) {
 660               		.loc 1 142 0
 661               		.cfi_startproc
 662               	.LVL75:
 663               	/* prologue: function */
 664               	/* frame size = 0 */
 665               	/* stack size = 0 */
 666               	.L__stack_usage = 0
 143:full2.c       ****     uint32_t pulse = 500 + ((angle * 1900UL) / 180);
 144:full2.c       ****     OCR1B = pulse;
 667               		.loc 1 144 0
 668 01e4 282F      		mov r18,r24
 669 01e6 30E0      		ldi r19,0
 670 01e8 ACE6      		ldi r26,lo8(108)
 671 01ea B7E0      		ldi r27,lo8(7)
 672 01ec 0E94 0000 		call __umulhisi3
 673 01f0 24EB      		ldi r18,lo8(-76)
 674 01f2 30E0      		ldi r19,0
 675 01f4 40E0      		ldi r20,0
 676 01f6 50E0      		ldi r21,0
 677 01f8 0E94 0000 		call __udivmodsi4
 678 01fc DA01      		movw r26,r20
 679 01fe C901      		movw r24,r18
 680               	.LVL76:
 681 0200 8C50      		subi r24,12
 682 0202 9E4F      		sbci r25,-2
 683 0204 AF4F      		sbci r26,-1
 684 0206 BF4F      		sbci r27,-1
 685 0208 9093 8B00 		sts 138+1,r25
 686 020c 8093 8A00 		sts 138,r24
 687 0210 0895      		ret
 688               		.cfi_endproc
 689               	.LFE21:
 691               	.global	servo_lower_init
 693               	servo_lower_init:
 694               	.LFB22:
 145:full2.c       **** }
 146:full2.c       **** 
 147:full2.c       **** // -------------------- SERVO LOWER (PB3) --------------------
 148:full2.c       **** void servo_lower_init() {
 695               		.loc 1 148 0
 696               		.cfi_startproc
 697               	/* prologue: function */
 698               	/* frame size = 0 */
 699               	/* stack size = 0 */
 700               	.L__stack_usage = 0
 149:full2.c       ****     DDRB |= (1 << SERVO_LOWER);
 701               		.loc 1 149 0
 702 0212 239A      		sbi 0x4,3
 150:full2.c       ****     TCCR2A = (1 << COM2A1) | (1 << WGM21) | (1 << WGM20);
 703               		.loc 1 150 0
 704 0214 83E8      		ldi r24,lo8(-125)
 705 0216 8093 B000 		sts 176,r24
 151:full2.c       ****     TCCR2B = (1 << CS22) | (1 << CS20);
 706               		.loc 1 151 0
 707 021a 85E0      		ldi r24,lo8(5)
 708 021c 8093 B100 		sts 177,r24
 152:full2.c       ****     OCR2A = 94;
 709               		.loc 1 152 0
 710 0220 8EE5      		ldi r24,lo8(94)
 711 0222 8093 B300 		sts 179,r24
 712 0226 0895      		ret
 713               		.cfi_endproc
 714               	.LFE22:
 716               	.global	servo_lower_angle
 718               	servo_lower_angle:
 719               	.LFB23:
 153:full2.c       **** }
 154:full2.c       **** 
 155:full2.c       **** void servo_lower_angle(uint8_t angle) {
 720               		.loc 1 155 0
 721               		.cfi_startproc
 722               	.LVL77:
 723               	/* prologue: function */
 724               	/* frame size = 0 */
 725               	/* stack size = 0 */
 726               	.L__stack_usage = 0
 156:full2.c       ****     uint32_t pulse = 500 + ((angle * 2000UL) / 180);
 157:full2.c       ****     OCR2A = pulse / 16;
 727               		.loc 1 157 0
 728 0228 282F      		mov r18,r24
 729 022a 30E0      		ldi r19,0
 730 022c A0ED      		ldi r26,lo8(-48)
 731 022e B7E0      		ldi r27,lo8(7)
 732 0230 0E94 0000 		call __umulhisi3
 733 0234 24EB      		ldi r18,lo8(-76)
 734 0236 30E0      		ldi r19,0
 735 0238 40E0      		ldi r20,0
 736 023a 50E0      		ldi r21,0
 737 023c 0E94 0000 		call __udivmodsi4
 738 0240 DA01      		movw r26,r20
 739 0242 C901      		movw r24,r18
 740               	.LVL78:
 741 0244 8C50      		subi r24,12
 742 0246 9E4F      		sbci r25,-2
 743 0248 AF4F      		sbci r26,-1
 744 024a BF4F      		sbci r27,-1
 745 024c 24E0      		ldi r18,4
 746               		1:
 747 024e B695      		lsr r27
 748 0250 A795      		ror r26
 749 0252 9795      		ror r25
 750 0254 8795      		ror r24
 751 0256 2A95      		dec r18
 752 0258 01F4      		brne 1b
 753 025a 8093 B300 		sts 179,r24
 754 025e 0895      		ret
 755               		.cfi_endproc
 756               	.LFE23:
 758               	.global	ultrasonic_init
 760               	ultrasonic_init:
 761               	.LFB24:
 158:full2.c       ****     
 159:full2.c       **** }
 160:full2.c       **** 
 161:full2.c       **** 
 162:full2.c       **** 
 163:full2.c       **** // -------------------- ULTRASONIC --------------------
 164:full2.c       **** void ultrasonic_init() {
 762               		.loc 1 164 0
 763               		.cfi_startproc
 764               	/* prologue: function */
 765               	/* frame size = 0 */
 766               	/* stack size = 0 */
 767               	.L__stack_usage = 0
 165:full2.c       ****     DDRB |= (1 << TRIG);
 768               		.loc 1 165 0
 769 0260 209A      		sbi 0x4,0
 166:full2.c       ****     DDRB &= ~(1 << ECHO);
 770               		.loc 1 166 0
 771 0262 2198      		cbi 0x4,1
 772 0264 0895      		ret
 773               		.cfi_endproc
 774               	.LFE24:
 776               	.global	ultrasonic_read
 778               	ultrasonic_read:
 779               	.LFB25:
 167:full2.c       **** }
 168:full2.c       **** 
 169:full2.c       **** uint16_t ultrasonic_read() {
 780               		.loc 1 169 0
 781               		.cfi_startproc
 782               	/* prologue: function */
 783               	/* frame size = 0 */
 784               	/* stack size = 0 */
 785               	.L__stack_usage = 0
 786               	.LVL79:
 170:full2.c       ****     uint16_t count = 0;
 171:full2.c       ****     PORTB &= ~(1 << TRIG);
 787               		.loc 1 171 0
 788 0266 2898      		cbi 0x5,0
 789               	.LVL80:
 790               	.LBB114:
 791               	.LBB115:
 792               		.loc 2 276 0
 793 0268 25E0      		ldi r18,lo8(5)
 794 026a 2A95      	1:	dec r18
 795 026c 01F4      		brne 1b
 796 026e 0000      		nop
 797               	.LVL81:
 798               	.LBE115:
 799               	.LBE114:
 172:full2.c       ****     _delay_us(2);
 173:full2.c       ****     PORTB |= (1 << TRIG);
 800               		.loc 1 173 0
 801 0270 289A      		sbi 0x5,0
 802               	.LVL82:
 803               	.LBB116:
 804               	.LBB117:
 805               		.loc 2 276 0
 806 0272 8AE1      		ldi r24,lo8(26)
 807 0274 8A95      	1:	dec r24
 808 0276 01F4      		brne 1b
 809 0278 00C0      		rjmp .
 810               	.LVL83:
 811               	.LBE117:
 812               	.LBE116:
 174:full2.c       ****     _delay_us(10);
 175:full2.c       ****     PORTB &= ~(1 << TRIG);
 813               		.loc 1 175 0
 814 027a 2898      		cbi 0x5,0
 815               	.L40:
 176:full2.c       ****     while (!(PINB & (1 << ECHO)));
 816               		.loc 1 176 0 discriminator 1
 817 027c 199B      		sbis 0x3,1
 818 027e 00C0      		rjmp .L40
 819 0280 80E0      		ldi r24,0
 820 0282 90E0      		ldi r25,0
 821               	.LVL84:
 822               	.L41:
 177:full2.c       ****     while (PINB & (1 << ECHO)) {
 823               		.loc 1 177 0
 824 0284 199B      		sbis 0x3,1
 825 0286 00C0      		rjmp .L45
 178:full2.c       ****         count++;
 826               		.loc 1 178 0
 827 0288 0196      		adiw r24,1
 828               	.LVL85:
 829               	.LBB118:
 830               	.LBB119:
 831               		.loc 2 276 0
 832 028a 22E0      		ldi r18,lo8(2)
 833 028c 2A95      	1:	dec r18
 834 028e 01F4      		brne 1b
 835 0290 00C0      		rjmp .
 836 0292 00C0      		rjmp .L41
 837               	.LVL86:
 838               	.L45:
 839               	.LBE119:
 840               	.LBE118:
 179:full2.c       ****         _delay_us(1);
 180:full2.c       ****     }
 181:full2.c       ****     return (count / 58);
 841               		.loc 1 181 0
 842 0294 6AE3      		ldi r22,lo8(58)
 843 0296 70E0      		ldi r23,0
 844 0298 0E94 0000 		call __udivmodhi4
 845               	.LVL87:
 846 029c CB01      		movw r24,r22
 182:full2.c       **** }
 847               		.loc 1 182 0
 848 029e 0895      		ret
 849               		.cfi_endproc
 850               	.LFE25:
 852               		.section	.rodata.str1.1,"aMS",@progbits,1
 853               	.LC0:
 854 0000 4872 00   		.string	"Hr"
 855               	.LC1:
 856 0003 4D6E 00   		.string	"Mn"
 857               	.LC2:
 858 0006 5469 6D65 		.string	"Time %02d:%02d:%02d  "
 858      2025 3032 
 858      643A 2530 
 858      3264 3A25 
 858      3032 6420 
 859               	.LC3:
 860 001c 4120 2530 		.string	"A %02d:%02d B %02d:%02d"
 860      3264 3A25 
 860      3032 6420 
 860      4220 2530 
 860      3264 3A25 
 861               	.LC4:
 862 0034 5365 7420 		.string	"Set A %s %02d:%02d"
 862      4120 2573 
 862      2025 3032 
 862      643A 2530 
 862      3264 00
 863               	.LC5:
 864 0047 5365 7420 		.string	"Set B %s %02d:%02d"
 864      4220 2573 
 864      2025 3032 
 864      643A 2530 
 864      3264 00
 865               	.LC6:
 866 005a 416C 6172 		.string	"Alarm1: Waiting"
 866      6D31 3A20 
 866      5761 6974 
 866      696E 6700 
 867               	.LC7:
 868 006a 4861 6E64 		.string	"Hand Detected"
 868      2044 6574 
 868      6563 7465 
 868      6400 
 869               	.LC8:
 870 0078 2020 2020 		.string	"                "
 870      2020 2020 
 870      2020 2020 
 870      2020 2020 
 870      00
 871               	.LC9:
 872 0089 416C 6172 		.string	"Alarm2: Waiting"
 872      6D32 3A20 
 872      5761 6974 
 872      696E 6700 
 873               	.LC10:
 874 0099 4E6F 2048 		.string	"No Hand -> Off"
 874      616E 6420 
 874      2D3E 204F 
 874      6666 00
 875               	.LC11:
 876 00a8 4E6F 2048 		.string	"No Hand Action"
 876      616E 6420 
 876      4163 7469 
 876      6F6E 00
 877               		.section	.text.startup,"ax",@progbits
 878               	.global	main
 880               	main:
 881               	.LFB26:
 183:full2.c       **** 
 184:full2.c       **** // -------------------- MAIN --------------------
 185:full2.c       **** int main(void) {
 882               		.loc 1 185 0
 883               		.cfi_startproc
 884 0000 CF93      		push r28
 885               	.LCFI12:
 886               		.cfi_def_cfa_offset 3
 887               		.cfi_offset 28, -2
 888 0002 DF93      		push r29
 889               	.LCFI13:
 890               		.cfi_def_cfa_offset 4
 891               		.cfi_offset 29, -3
 892 0004 00D0      		rcall .
 893 0006 1F92      		push __zero_reg__
 894               	.LCFI14:
 895               		.cfi_def_cfa_offset 7
 896 0008 CDB7      		in r28,__SP_L__
 897 000a DEB7      		in r29,__SP_H__
 898               	.LCFI15:
 899               		.cfi_def_cfa_register 28
 900               	/* prologue: function */
 901               	/* frame size = 3 */
 902               	/* stack size = 5 */
 903               	.L__stack_usage = 5
 186:full2.c       ****     uint8_t hour, min, sec;
 187:full2.c       **** 
 188:full2.c       ****     lcd_init();
 904               		.loc 1 188 0
 905 000c 0E94 0000 		call lcd_init
 906               	.LVL88:
 189:full2.c       ****     lcd_clear();
 907               		.loc 1 189 0
 908 0010 0E94 0000 		call lcd_clear
 909               	.LVL89:
 190:full2.c       ****     ds1302_init();
 910               		.loc 1 190 0
 911 0014 0E94 0000 		call ds1302_init
 912               	.LVL90:
 191:full2.c       ****     servo_upper_init();
 913               		.loc 1 191 0
 914 0018 0E94 0000 		call servo_upper_init
 915               	.LVL91:
 192:full2.c       ****     servo_lower_init();
 916               		.loc 1 192 0
 917 001c 0E94 0000 		call servo_lower_init
 918               	.LVL92:
 193:full2.c       ****     ultrasonic_init();
 919               		.loc 1 193 0
 920 0020 0E94 0000 		call ultrasonic_init
 921               	.LVL93:
 922               	.LBB120:
 923               	.LBB121:
 144:full2.c       **** }
 924               		.loc 1 144 0
 925 0024 84EF      		ldi r24,lo8(-12)
 926 0026 91E0      		ldi r25,lo8(1)
 927 0028 9093 8B00 		sts 138+1,r25
 928 002c 8093 8A00 		sts 138,r24
 929               	.LVL94:
 930               	.LBE121:
 931               	.LBE120:
 932               	.LBB122:
 933               	.LBB123:
 157:full2.c       ****     
 934               		.loc 1 157 0
 935 0030 8FE1      		ldi r24,lo8(31)
 936 0032 8093 B300 		sts 179,r24
 937               	.LVL95:
 938               	.LBE123:
 939               	.LBE122:
 194:full2.c       **** 	// **Set initial servo positions**
 195:full2.c       **** 	servo_upper_angle(0);   // Upper servo to 0° at startup
 196:full2.c       **** 	servo_lower_angle(0);   // Lower servo to 0° at startup
 197:full2.c       ****     DDRB &= ~(1 << BTN_SET); PORTB |= (1 << BTN_SET);
 940               		.loc 1 197 0
 941 0036 2598      		cbi 0x4,5
 942 0038 2D9A      		sbi 0x5,5
 198:full2.c       ****     DDRC &= ~((1 << BTN_NEXT) | (1 << BTN_UP)); PORTC |= (1 << BTN_NEXT) | (1 << BTN_UP);
 943               		.loc 1 198 0
 944 003a 87B1      		in r24,0x7
 945 003c 8F7C      		andi r24,lo8(-49)
 946 003e 87B9      		out 0x7,r24
 947 0040 88B1      		in r24,0x8
 948 0042 8063      		ori r24,lo8(48)
 949 0044 88B9      		out 0x8,r24
 199:full2.c       ****     DDRD &= ~(1 << BTN_DOWN); PORTD |= (1 << BTN_DOWN);
 950               		.loc 1 199 0
 951 0046 5798      		cbi 0xa,7
 952 0048 5F9A      		sbi 0xb,7
 200:full2.c       ****     DDRB |= (1 << BUZZER);
 953               		.loc 1 200 0
 954 004a 249A      		sbi 0x4,4
 201:full2.c       **** 
 202:full2.c       ****     ds1302_set_time(12, 00, 0);
 955               		.loc 1 202 0
 956 004c 40E0      		ldi r20,0
 957 004e 60E0      		ldi r22,0
 958 0050 8CE0      		ldi r24,lo8(12)
 959 0052 0E94 0000 		call ds1302_set_time
 960               	.LVL96:
 203:full2.c       **** 
 204:full2.c       ****     while (1) {
 205:full2.c       ****         ds1302_get_time(&hour, &min, &sec);
 206:full2.c       **** 
 207:full2.c       ****         if (button_pressed(&PINB, BTN_SET, &last_btn_set)) {
 208:full2.c       ****             mode++;
 209:full2.c       ****             if (mode > MODE_SET_ALARM2) mode = MODE_NORMAL;
 210:full2.c       ****             edit_field = 0;
 211:full2.c       ****         }
 212:full2.c       ****         if (button_pressed(&PINC, BTN_NEXT, &last_btn_next) && mode != MODE_NORMAL) {
 213:full2.c       ****             edit_field ^= 1;
 214:full2.c       ****         }
 215:full2.c       ****         if (mode == MODE_SET_ALARM1) {
 216:full2.c       ****             if (button_pressed(&PINC, BTN_UP, &last_btn_up)) {
 217:full2.c       ****                 if (edit_field == 0) alarm1_hour = (alarm1_hour + 1) % 24;
 218:full2.c       ****                 else alarm1_min = (alarm1_min + 1) % 60;
 219:full2.c       ****             }
 220:full2.c       ****             if (button_pressed(&PIND, BTN_DOWN, &last_btn_down)) {
 221:full2.c       ****                 if (edit_field == 0) alarm1_hour = (alarm1_hour + 23) % 24;
 222:full2.c       ****                 else alarm1_min = (alarm1_min + 59) % 60;
 961               		.loc 1 222 0
 962 0056 0CE3      		ldi r16,lo8(60)
 963 0058 10E0      		ldi r17,0
 221:full2.c       ****                 else alarm1_min = (alarm1_min + 59) % 60;
 964               		.loc 1 221 0
 965 005a 28E1      		ldi r18,lo8(24)
 966 005c E22E      		mov r14,r18
 967 005e F12C      		mov r15,__zero_reg__
 223:full2.c       ****             }
 224:full2.c       ****         }
 225:full2.c       ****         if (mode == MODE_SET_ALARM2) {
 226:full2.c       ****             if (button_pressed(&PINC, BTN_UP, &last_btn_up)) {
 227:full2.c       ****                 if (edit_field == 0) alarm2_hour = (alarm2_hour + 1) % 24;
 228:full2.c       ****                 else alarm2_min = (alarm2_min + 1) % 60;
 229:full2.c       ****             }
 230:full2.c       ****             if (button_pressed(&PIND, BTN_DOWN, &last_btn_down)) {
 231:full2.c       ****                 if (edit_field == 0) alarm2_hour = (alarm2_hour + 23) % 24;
 232:full2.c       ****                 else alarm2_min = (alarm2_min + 59) % 60;
 233:full2.c       ****             }
 234:full2.c       ****         }
 235:full2.c       **** 
 236:full2.c       ****         lcd_goto(0, 0);
 237:full2.c       ****         lcd_printf("Time %02d:%02d:%02d  ", hour, min, sec);
 968               		.loc 1 237 0
 969 0060 30E0      		ldi r19,lo8(.LC2)
 970 0062 232E      		mov r2,r19
 971 0064 30E0      		ldi r19,hi8(.LC2)
 972 0066 332E      		mov r3,r19
 238:full2.c       ****         lcd_goto(1, 0);
 239:full2.c       ****         if (mode == MODE_NORMAL)
 240:full2.c       ****             lcd_printf("A %02d:%02d B %02d:%02d", alarm1_hour, alarm1_min, alarm2_hour, alarm2_min)
 241:full2.c       ****         else if (mode == MODE_SET_ALARM1)
 242:full2.c       ****             lcd_printf("Set A %s %02d:%02d", (edit_field == 0) ? "Hr" : "Mn", alarm1_hour, alarm1_m
 243:full2.c       ****         else if (mode == MODE_SET_ALARM2)
 244:full2.c       ****             lcd_printf("Set B %s %02d:%02d", (edit_field == 0) ? "Hr" : "Mn", alarm2_hour, alarm2_m
 973               		.loc 1 244 0
 974 0068 40E0      		ldi r20,lo8(.LC5)
 975 006a 442E      		mov r4,r20
 976 006c 40E0      		ldi r20,hi8(.LC5)
 977 006e 542E      		mov r5,r20
 242:full2.c       ****         else if (mode == MODE_SET_ALARM2)
 978               		.loc 1 242 0
 979 0070 50E0      		ldi r21,lo8(.LC4)
 980 0072 652E      		mov r6,r21
 981 0074 50E0      		ldi r21,hi8(.LC4)
 982 0076 752E      		mov r7,r21
 240:full2.c       ****         else if (mode == MODE_SET_ALARM1)
 983               		.loc 1 240 0
 984 0078 60E0      		ldi r22,lo8(.LC3)
 985 007a A62E      		mov r10,r22
 986 007c 60E0      		ldi r22,hi8(.LC3)
 987 007e B62E      		mov r11,r22
 988               	.LBB124:
 245:full2.c       **** 
 246:full2.c       **** 	// -------------------- ALARM check --------------------
 247:full2.c       **** 	if (mode == MODE_NORMAL) {
 248:full2.c       **** 	    // -------- Alarm 1 --------
 249:full2.c       **** 	    if (hour == alarm1_hour && min == alarm1_min && sec == 0) {
 250:full2.c       **** 
 251:full2.c       **** 		buzzer_on();
 252:full2.c       **** 		lcd_goto(2, 0);
 253:full2.c       **** 		lcd_printf("Alarm1: Waiting");
 254:full2.c       **** 
 255:full2.c       **** 		uint16_t distance;
 256:full2.c       **** 		uint16_t timeout = 0;
 257:full2.c       **** 		uint8_t hand_detected = 0;
 258:full2.c       **** 
 259:full2.c       **** 		// Wait 3 minutes for hand detection
 260:full2.c       **** 		while (timeout < 1800) { // 3 min ≈ 1800 * 100ms
 261:full2.c       **** 		    distance = ultrasonic_read();
 262:full2.c       **** 		    if (distance > 2 && distance < 15) {
 263:full2.c       **** 		        hand_detected = 1;
 264:full2.c       **** 		        servo_lower_angle(180);
 265:full2.c       **** 		        _delay_ms(2000);
 266:full2.c       **** 		        servo_lower_angle(0);
 267:full2.c       **** 		        _delay_ms(2000);
 268:full2.c       **** 		        servo_upper_angle(180);
 269:full2.c       **** 		        _delay_ms(2000);
 270:full2.c       **** 		        servo_upper_angle(0);
 271:full2.c       **** 		        lcd_goto(2, 0);
 272:full2.c       **** 		        lcd_printf("Hand Detected");
 273:full2.c       **** 		        break;
 274:full2.c       **** 		    }
 275:full2.c       **** 		    _delay_ms(100);
 276:full2.c       **** 		    timeout++;
 277:full2.c       **** 		}
 278:full2.c       **** 
 279:full2.c       **** 		if (!hand_detected) {
 280:full2.c       **** 		    lcd_goto(2, 0);
 281:full2.c       **** 		    lcd_printf("No Hand Action");
 282:full2.c       **** 
 283:full2.c       **** 		    // Immediately do lower + upper actions
 284:full2.c       **** 		    servo_lower_angle(180);
 285:full2.c       **** 		    _delay_ms(2000);
 286:full2.c       **** 		    servo_lower_angle(0);
 287:full2.c       **** 		    _delay_ms(2000);
 288:full2.c       **** 
 289:full2.c       **** 		    servo_upper_angle(180);
 290:full2.c       **** 		    _delay_ms(2000);
 291:full2.c       **** 		    servo_upper_angle(0);
 292:full2.c       **** 		}
 293:full2.c       **** 
 294:full2.c       **** 		buzzer_off();
 295:full2.c       **** 		lcd_goto(2, 0);
 296:full2.c       **** 		lcd_printf("                ");
 297:full2.c       **** 	    }
 298:full2.c       **** 
 299:full2.c       **** 	    // -------- Alarm 2 --------
 300:full2.c       **** 	    else if (hour == alarm2_hour && min == alarm2_min && sec == 0) {
 301:full2.c       **** 		buzzer_on();
 302:full2.c       **** 		lcd_goto(2, 0);
 303:full2.c       **** 		lcd_printf("Alarm2: Waiting");
 989               		.loc 1 303 0
 990 0080 70E0      		ldi r23,lo8(.LC9)
 991 0082 872E      		mov r8,r23
 992 0084 70E0      		ldi r23,hi8(.LC9)
 993 0086 972E      		mov r9,r23
 994               	.L78:
 995               	.LBE124:
 205:full2.c       **** 
 996               		.loc 1 205 0
 997 0088 AE01      		movw r20,r28
 998 008a 4F5F      		subi r20,-1
 999 008c 5F4F      		sbci r21,-1
 1000 008e BE01      		movw r22,r28
 1001 0090 6E5F      		subi r22,-2
 1002 0092 7F4F      		sbci r23,-1
 1003 0094 CE01      		movw r24,r28
 1004 0096 0396      		adiw r24,3
 1005 0098 0E94 0000 		call ds1302_get_time
 1006               	.LVL97:
 207:full2.c       ****             mode++;
 1007               		.loc 1 207 0
 1008 009c 40E0      		ldi r20,lo8(last_btn_set)
 1009 009e 50E0      		ldi r21,hi8(last_btn_set)
 1010 00a0 65E0      		ldi r22,lo8(5)
 1011 00a2 83E2      		ldi r24,lo8(35)
 1012 00a4 90E0      		ldi r25,0
 1013 00a6 0E94 0000 		call button_pressed
 1014               	.LVL98:
 1015 00aa 8823      		tst r24
 1016 00ac 01F0      		breq .L47
 208:full2.c       ****             if (mode > MODE_SET_ALARM2) mode = MODE_NORMAL;
 1017               		.loc 1 208 0
 1018 00ae 8091 0000 		lds r24,mode
 1019 00b2 8F5F      		subi r24,lo8(-(1))
 209:full2.c       ****             edit_field = 0;
 1020               		.loc 1 209 0
 1021 00b4 8330      		cpi r24,lo8(3)
 1022 00b6 00F4      		brsh .L48
 208:full2.c       ****             if (mode > MODE_SET_ALARM2) mode = MODE_NORMAL;
 1023               		.loc 1 208 0
 1024 00b8 8093 0000 		sts mode,r24
 1025 00bc 00C0      		rjmp .L49
 1026               	.L48:
 209:full2.c       ****             edit_field = 0;
 1027               		.loc 1 209 0 discriminator 1
 1028 00be 1092 0000 		sts mode,__zero_reg__
 1029               	.L49:
 210:full2.c       ****         }
 1030               		.loc 1 210 0
 1031 00c2 1092 0000 		sts edit_field,__zero_reg__
 1032               	.L47:
 212:full2.c       ****             edit_field ^= 1;
 1033               		.loc 1 212 0
 1034 00c6 40E0      		ldi r20,lo8(last_btn_next)
 1035 00c8 50E0      		ldi r21,hi8(last_btn_next)
 1036 00ca 64E0      		ldi r22,lo8(4)
 1037 00cc 86E2      		ldi r24,lo8(38)
 1038 00ce 90E0      		ldi r25,0
 1039 00d0 0E94 0000 		call button_pressed
 1040               	.LVL99:
 1041 00d4 9091 0000 		lds r25,mode
 1042 00d8 8823      		tst r24
 1043 00da 01F0      		breq .L50
 212:full2.c       ****             edit_field ^= 1;
 1044               		.loc 1 212 0 is_stmt 0 discriminator 1
 1045 00dc 9923      		tst r25
 1046 00de 01F4      		brne .+2
 1047 00e0 00C0      		rjmp .L52
 213:full2.c       ****         }
 1048               		.loc 1 213 0 is_stmt 1
 1049 00e2 8091 0000 		lds r24,edit_field
 1050 00e6 21E0      		ldi r18,lo8(1)
 1051 00e8 8227      		eor r24,r18
 1052 00ea 8093 0000 		sts edit_field,r24
 1053               	.L50:
 215:full2.c       ****             if (button_pressed(&PINC, BTN_UP, &last_btn_up)) {
 1054               		.loc 1 215 0
 1055 00ee 9130      		cpi r25,lo8(1)
 1056 00f0 01F0      		breq .+2
 1057 00f2 00C0      		rjmp .L52
 216:full2.c       ****                 if (edit_field == 0) alarm1_hour = (alarm1_hour + 1) % 24;
 1058               		.loc 1 216 0
 1059 00f4 40E0      		ldi r20,lo8(last_btn_up)
 1060 00f6 50E0      		ldi r21,hi8(last_btn_up)
 1061 00f8 65E0      		ldi r22,lo8(5)
 1062 00fa 86E2      		ldi r24,lo8(38)
 1063 00fc 90E0      		ldi r25,0
 1064 00fe 0E94 0000 		call button_pressed
 1065               	.LVL100:
 1066 0102 8823      		tst r24
 1067 0104 01F0      		breq .L53
 217:full2.c       ****                 else alarm1_min = (alarm1_min + 1) % 60;
 1068               		.loc 1 217 0
 1069 0106 8091 0000 		lds r24,edit_field
 1070 010a 8111      		cpse r24,__zero_reg__
 1071 010c 00C0      		rjmp .L54
 217:full2.c       ****                 else alarm1_min = (alarm1_min + 1) % 60;
 1072               		.loc 1 217 0 is_stmt 0 discriminator 1
 1073 010e 8091 0000 		lds r24,alarm1_hour
 1074 0112 90E0      		ldi r25,0
 1075 0114 0196      		adiw r24,1
 1076 0116 B701      		movw r22,r14
 1077 0118 0E94 0000 		call __divmodhi4
 1078 011c 8093 0000 		sts alarm1_hour,r24
 1079 0120 00C0      		rjmp .L53
 1080               	.L54:
 218:full2.c       ****             }
 1081               		.loc 1 218 0 is_stmt 1
 1082 0122 8091 0000 		lds r24,alarm1_min
 1083 0126 90E0      		ldi r25,0
 1084 0128 0196      		adiw r24,1
 1085 012a B801      		movw r22,r16
 1086 012c 0E94 0000 		call __divmodhi4
 1087 0130 8093 0000 		sts alarm1_min,r24
 1088               	.L53:
 220:full2.c       ****                 if (edit_field == 0) alarm1_hour = (alarm1_hour + 23) % 24;
 1089               		.loc 1 220 0
 1090 0134 40E0      		ldi r20,lo8(last_btn_down)
 1091 0136 50E0      		ldi r21,hi8(last_btn_down)
 1092 0138 67E0      		ldi r22,lo8(7)
 1093 013a 89E2      		ldi r24,lo8(41)
 1094 013c 90E0      		ldi r25,0
 1095 013e 0E94 0000 		call button_pressed
 1096               	.LVL101:
 1097 0142 8823      		tst r24
 1098 0144 01F0      		breq .L52
 221:full2.c       ****                 else alarm1_min = (alarm1_min + 59) % 60;
 1099               		.loc 1 221 0
 1100 0146 8091 0000 		lds r24,edit_field
 1101 014a 8111      		cpse r24,__zero_reg__
 1102 014c 00C0      		rjmp .L56
 221:full2.c       ****                 else alarm1_min = (alarm1_min + 59) % 60;
 1103               		.loc 1 221 0 is_stmt 0 discriminator 1
 1104 014e 8091 0000 		lds r24,alarm1_hour
 1105 0152 90E0      		ldi r25,0
 1106 0154 4796      		adiw r24,23
 1107 0156 B701      		movw r22,r14
 1108 0158 0E94 0000 		call __divmodhi4
 1109 015c 8093 0000 		sts alarm1_hour,r24
 1110 0160 00C0      		rjmp .L52
 1111               	.L56:
 222:full2.c       ****             }
 1112               		.loc 1 222 0 is_stmt 1
 1113 0162 8091 0000 		lds r24,alarm1_min
 1114 0166 90E0      		ldi r25,0
 1115 0168 CB96      		adiw r24,59
 1116 016a B801      		movw r22,r16
 1117 016c 0E94 0000 		call __divmodhi4
 1118 0170 8093 0000 		sts alarm1_min,r24
 1119               	.L52:
 225:full2.c       ****             if (button_pressed(&PINC, BTN_UP, &last_btn_up)) {
 1120               		.loc 1 225 0
 1121 0174 8091 0000 		lds r24,mode
 1122 0178 8230      		cpi r24,lo8(2)
 1123 017a 01F0      		breq .+2
 1124 017c 00C0      		rjmp .L58
 226:full2.c       ****                 if (edit_field == 0) alarm2_hour = (alarm2_hour + 1) % 24;
 1125               		.loc 1 226 0
 1126 017e 40E0      		ldi r20,lo8(last_btn_up)
 1127 0180 50E0      		ldi r21,hi8(last_btn_up)
 1128 0182 65E0      		ldi r22,lo8(5)
 1129 0184 86E2      		ldi r24,lo8(38)
 1130 0186 90E0      		ldi r25,0
 1131 0188 0E94 0000 		call button_pressed
 1132               	.LVL102:
 1133 018c 8823      		tst r24
 1134 018e 01F0      		breq .L59
 227:full2.c       ****                 else alarm2_min = (alarm2_min + 1) % 60;
 1135               		.loc 1 227 0
 1136 0190 8091 0000 		lds r24,edit_field
 1137 0194 8111      		cpse r24,__zero_reg__
 1138 0196 00C0      		rjmp .L60
 227:full2.c       ****                 else alarm2_min = (alarm2_min + 1) % 60;
 1139               		.loc 1 227 0 is_stmt 0 discriminator 1
 1140 0198 8091 0000 		lds r24,alarm2_hour
 1141 019c 90E0      		ldi r25,0
 1142 019e 0196      		adiw r24,1
 1143 01a0 B701      		movw r22,r14
 1144 01a2 0E94 0000 		call __divmodhi4
 1145 01a6 8093 0000 		sts alarm2_hour,r24
 1146 01aa 00C0      		rjmp .L59
 1147               	.L60:
 228:full2.c       ****             }
 1148               		.loc 1 228 0 is_stmt 1
 1149 01ac 8091 0000 		lds r24,alarm2_min
 1150 01b0 90E0      		ldi r25,0
 1151 01b2 0196      		adiw r24,1
 1152 01b4 B801      		movw r22,r16
 1153 01b6 0E94 0000 		call __divmodhi4
 1154 01ba 8093 0000 		sts alarm2_min,r24
 1155               	.L59:
 230:full2.c       ****                 if (edit_field == 0) alarm2_hour = (alarm2_hour + 23) % 24;
 1156               		.loc 1 230 0
 1157 01be 40E0      		ldi r20,lo8(last_btn_down)
 1158 01c0 50E0      		ldi r21,hi8(last_btn_down)
 1159 01c2 67E0      		ldi r22,lo8(7)
 1160 01c4 89E2      		ldi r24,lo8(41)
 1161 01c6 90E0      		ldi r25,0
 1162 01c8 0E94 0000 		call button_pressed
 1163               	.LVL103:
 1164 01cc 8823      		tst r24
 1165 01ce 01F0      		breq .L58
 231:full2.c       ****                 else alarm2_min = (alarm2_min + 59) % 60;
 1166               		.loc 1 231 0
 1167 01d0 8091 0000 		lds r24,edit_field
 1168 01d4 8111      		cpse r24,__zero_reg__
 1169 01d6 00C0      		rjmp .L62
 231:full2.c       ****                 else alarm2_min = (alarm2_min + 59) % 60;
 1170               		.loc 1 231 0 is_stmt 0 discriminator 1
 1171 01d8 8091 0000 		lds r24,alarm2_hour
 1172 01dc 90E0      		ldi r25,0
 1173 01de 4796      		adiw r24,23
 1174 01e0 B701      		movw r22,r14
 1175 01e2 0E94 0000 		call __divmodhi4
 1176 01e6 8093 0000 		sts alarm2_hour,r24
 1177 01ea 00C0      		rjmp .L58
 1178               	.L62:
 232:full2.c       ****             }
 1179               		.loc 1 232 0 is_stmt 1
 1180 01ec 8091 0000 		lds r24,alarm2_min
 1181 01f0 90E0      		ldi r25,0
 1182 01f2 CB96      		adiw r24,59
 1183 01f4 B801      		movw r22,r16
 1184 01f6 0E94 0000 		call __divmodhi4
 1185 01fa 8093 0000 		sts alarm2_min,r24
 1186               	.L58:
 236:full2.c       ****         lcd_printf("Time %02d:%02d:%02d  ", hour, min, sec);
 1187               		.loc 1 236 0
 1188 01fe 60E0      		ldi r22,0
 1189 0200 80E0      		ldi r24,0
 1190 0202 0E94 0000 		call lcd_goto
 1191               	.LVL104:
 237:full2.c       ****         lcd_goto(1, 0);
 1192               		.loc 1 237 0
 1193 0206 8981      		ldd r24,Y+1
 1194 0208 1F92      		push __zero_reg__
 1195 020a 8F93      		push r24
 1196 020c 8A81      		ldd r24,Y+2
 1197 020e 1F92      		push __zero_reg__
 1198 0210 8F93      		push r24
 1199 0212 8B81      		ldd r24,Y+3
 1200 0214 1F92      		push __zero_reg__
 1201 0216 8F93      		push r24
 1202 0218 3F92      		push r3
 1203 021a 2F92      		push r2
 1204 021c 0E94 0000 		call lcd_printf
 1205               	.LVL105:
 238:full2.c       ****         if (mode == MODE_NORMAL)
 1206               		.loc 1 238 0
 1207 0220 60E0      		ldi r22,0
 1208 0222 81E0      		ldi r24,lo8(1)
 1209 0224 0E94 0000 		call lcd_goto
 1210               	.LVL106:
 239:full2.c       ****             lcd_printf("A %02d:%02d B %02d:%02d", alarm1_hour, alarm1_min, alarm2_hour, alarm2_min)
 1211               		.loc 1 239 0
 1212 0228 8091 0000 		lds r24,mode
 1213 022c 0FB6      		in __tmp_reg__,__SREG__
 1214 022e F894      		cli
 1215 0230 DEBF      		out __SP_H__,r29
 1216 0232 0FBE      		out __SREG__,__tmp_reg__
 1217 0234 CDBF      		out __SP_L__,r28
 1218 0236 8111      		cpse r24,__zero_reg__
 1219 0238 00C0      		rjmp .L63
 240:full2.c       ****         else if (mode == MODE_SET_ALARM1)
 1220               		.loc 1 240 0
 1221 023a 8091 0000 		lds r24,alarm2_min
 1222 023e 1F92      		push __zero_reg__
 1223 0240 8F93      		push r24
 1224 0242 8091 0000 		lds r24,alarm2_hour
 1225 0246 1F92      		push __zero_reg__
 1226 0248 8F93      		push r24
 1227 024a 8091 0000 		lds r24,alarm1_min
 1228 024e 1F92      		push __zero_reg__
 1229 0250 8F93      		push r24
 1230 0252 8091 0000 		lds r24,alarm1_hour
 1231 0256 1F92      		push __zero_reg__
 1232 0258 8F93      		push r24
 1233 025a BF92      		push r11
 1234 025c AF92      		push r10
 1235 025e 0E94 0000 		call lcd_printf
 1236               	.LVL107:
 1237 0262 00C0      		rjmp .L105
 1238               	.L63:
 241:full2.c       ****             lcd_printf("Set A %s %02d:%02d", (edit_field == 0) ? "Hr" : "Mn", alarm1_hour, alarm1_m
 1239               		.loc 1 241 0
 1240 0264 8130      		cpi r24,lo8(1)
 1241 0266 01F4      		brne .L65
 242:full2.c       ****         else if (mode == MODE_SET_ALARM2)
 1242               		.loc 1 242 0
 1243 0268 3091 0000 		lds r19,alarm1_min
 1244 026c 2091 0000 		lds r18,alarm1_hour
 1245 0270 8091 0000 		lds r24,edit_field
 1246 0274 8823      		tst r24
 1247 0276 01F0      		breq .L79
 1248 0278 80E0      		ldi r24,lo8(.LC1)
 1249 027a 90E0      		ldi r25,hi8(.LC1)
 1250 027c 00C0      		rjmp .L66
 1251               	.L79:
 1252 027e 80E0      		ldi r24,lo8(.LC0)
 1253 0280 90E0      		ldi r25,hi8(.LC0)
 1254               	.L66:
 242:full2.c       ****         else if (mode == MODE_SET_ALARM2)
 1255               		.loc 1 242 0 is_stmt 0 discriminator 4
 1256 0282 1F92      		push __zero_reg__
 1257 0284 3F93      		push r19
 1258 0286 1F92      		push __zero_reg__
 1259 0288 2F93      		push r18
 1260 028a 9F93      		push r25
 1261 028c 8F93      		push r24
 1262 028e 7F92      		push r7
 1263 0290 6F92      		push r6
 1264 0292 00C0      		rjmp .L108
 1265               	.L65:
 243:full2.c       ****             lcd_printf("Set B %s %02d:%02d", (edit_field == 0) ? "Hr" : "Mn", alarm2_hour, alarm2_m
 1266               		.loc 1 243 0 is_stmt 1
 1267 0294 8230      		cpi r24,lo8(2)
 1268 0296 01F4      		brne .L64
 244:full2.c       **** 
 1269               		.loc 1 244 0
 1270 0298 3091 0000 		lds r19,alarm2_min
 1271 029c 2091 0000 		lds r18,alarm2_hour
 1272 02a0 8091 0000 		lds r24,edit_field
 1273 02a4 8823      		tst r24
 1274 02a6 01F0      		breq .L80
 1275 02a8 80E0      		ldi r24,lo8(.LC1)
 1276 02aa 90E0      		ldi r25,hi8(.LC1)
 1277 02ac 00C0      		rjmp .L67
 1278               	.L80:
 1279 02ae 80E0      		ldi r24,lo8(.LC0)
 1280 02b0 90E0      		ldi r25,hi8(.LC0)
 1281               	.L67:
 244:full2.c       **** 
 1282               		.loc 1 244 0 is_stmt 0 discriminator 4
 1283 02b2 1F92      		push __zero_reg__
 1284 02b4 3F93      		push r19
 1285 02b6 1F92      		push __zero_reg__
 1286 02b8 2F93      		push r18
 1287 02ba 9F93      		push r25
 1288 02bc 8F93      		push r24
 1289 02be 5F92      		push r5
 1290 02c0 4F92      		push r4
 1291               	.L108:
 1292 02c2 0E94 0000 		call lcd_printf
 1293               	.LVL108:
 1294               	.L105:
 1295 02c6 0FB6      		in __tmp_reg__,__SREG__
 1296 02c8 F894      		cli
 1297 02ca DEBF      		out __SP_H__,r29
 1298 02cc 0FBE      		out __SREG__,__tmp_reg__
 1299 02ce CDBF      		out __SP_L__,r28
 1300               	.L64:
 247:full2.c       **** 	    // -------- Alarm 1 --------
 1301               		.loc 1 247 0 is_stmt 1
 1302 02d0 8091 0000 		lds r24,mode
 1303 02d4 8111      		cpse r24,__zero_reg__
 1304 02d6 00C0      		rjmp .L68
 249:full2.c       **** 
 1305               		.loc 1 249 0
 1306 02d8 8B81      		ldd r24,Y+3
 1307 02da 9091 0000 		lds r25,alarm1_hour
 1308 02de 8913      		cpse r24,r25
 1309 02e0 00C0      		rjmp .L69
 249:full2.c       **** 
 1310               		.loc 1 249 0 is_stmt 0 discriminator 1
 1311 02e2 2A81      		ldd r18,Y+2
 1312 02e4 9091 0000 		lds r25,alarm1_min
 1313 02e8 2913      		cpse r18,r25
 1314 02ea 00C0      		rjmp .L69
 249:full2.c       **** 
 1315               		.loc 1 249 0 discriminator 2
 1316 02ec 9981      		ldd r25,Y+1
 1317 02ee 9111      		cpse r25,__zero_reg__
 1318 02f0 00C0      		rjmp .L69
 1319               	.LBB129:
 251:full2.c       **** 		lcd_goto(2, 0);
 1320               		.loc 1 251 0 is_stmt 1
 1321 02f2 0E94 0000 		call buzzer_on
 1322               	.LVL109:
 252:full2.c       **** 		lcd_printf("Alarm1: Waiting");
 1323               		.loc 1 252 0
 1324 02f6 60E0      		ldi r22,0
 1325 02f8 82E0      		ldi r24,lo8(2)
 1326 02fa 0E94 0000 		call lcd_goto
 1327               	.LVL110:
 253:full2.c       **** 
 1328               		.loc 1 253 0
 1329 02fe 80E0      		ldi r24,lo8(.LC6)
 1330 0300 90E0      		ldi r25,hi8(.LC6)
 1331 0302 9F93      		push r25
 1332 0304 8F93      		push r24
 1333 0306 0E94 0000 		call lcd_printf
 1334               	.LVL111:
 1335 030a 0F90      		pop __tmp_reg__
 1336 030c 0F90      		pop __tmp_reg__
 1337 030e 98E0      		ldi r25,lo8(8)
 1338 0310 C92E      		mov r12,r25
 1339 0312 97E0      		ldi r25,lo8(7)
 1340 0314 D92E      		mov r13,r25
 1341               	.LVL112:
 1342               	.L72:
 261:full2.c       **** 		    if (distance > 2 && distance < 15) {
 1343               		.loc 1 261 0
 1344 0316 0E94 0000 		call ultrasonic_read
 1345               	.LVL113:
 262:full2.c       **** 		        hand_detected = 1;
 1346               		.loc 1 262 0
 1347 031a 0397      		sbiw r24,3
 1348               	.LVL114:
 1349 031c 0C97      		sbiw r24,12
 1350 031e 00F4      		brsh .L70
 1351               	.LVL115:
 1352               	.LBB130:
 1353               	.LBB131:
 157:full2.c       ****     
 1354               		.loc 1 157 0
 1355 0320 8CE9      		ldi r24,lo8(-100)
 1356               	.LVL116:
 1357 0322 8093 B300 		sts 179,r24
 1358               	.LVL117:
 1359               	.LBE131:
 1360               	.LBE130:
 1361               	.LBB132:
 1362               	.LBB133:
 187:/usr/lib/avr/include/util/delay.h **** 
 1363               		.loc 2 187 0
 1364 0326 9FEF      		ldi r25,lo8(3199999)
 1365 0328 23ED      		ldi r18,hi8(3199999)
 1366 032a 30E3      		ldi r19,hlo8(3199999)
 1367 032c 9150      	1:	subi r25,1
 1368 032e 2040      		sbci r18,0
 1369 0330 3040      		sbci r19,0
 1370 0332 01F4      		brne 1b
 1371 0334 00C0      		rjmp .
 1372 0336 0000      		nop
 1373               	.LVL118:
 1374               	.LBE133:
 1375               	.LBE132:
 1376               	.LBB134:
 1377               	.LBB135:
 157:full2.c       ****     
 1378               		.loc 1 157 0
 1379 0338 8FE1      		ldi r24,lo8(31)
 1380 033a 8093 B300 		sts 179,r24
 1381               	.LVL119:
 1382               	.LBE135:
 1383               	.LBE134:
 1384               	.LBB136:
 1385               	.LBB137:
 187:/usr/lib/avr/include/util/delay.h **** 
 1386               		.loc 2 187 0
 1387 033e 8FEF      		ldi r24,lo8(3199999)
 1388 0340 93ED      		ldi r25,hi8(3199999)
 1389 0342 20E3      		ldi r18,hlo8(3199999)
 1390 0344 8150      	1:	subi r24,1
 1391 0346 9040      		sbci r25,0
 1392 0348 2040      		sbci r18,0
 1393 034a 01F4      		brne 1b
 1394 034c 00C0      		rjmp .
 1395 034e 0000      		nop
 1396               	.LVL120:
 1397               	.LBE137:
 1398               	.LBE136:
 1399               	.LBB138:
 1400               	.LBB139:
 144:full2.c       **** }
 1401               		.loc 1 144 0
 1402 0350 80E6      		ldi r24,lo8(96)
 1403 0352 99E0      		ldi r25,lo8(9)
 1404 0354 9093 8B00 		sts 138+1,r25
 1405 0358 8093 8A00 		sts 138,r24
 1406               	.LVL121:
 1407               	.LBE139:
 1408               	.LBE138:
 1409               	.LBB140:
 1410               	.LBB141:
 187:/usr/lib/avr/include/util/delay.h **** 
 1411               		.loc 2 187 0
 1412 035c 3FEF      		ldi r19,lo8(3199999)
 1413 035e 83ED      		ldi r24,hi8(3199999)
 1414 0360 90E3      		ldi r25,hlo8(3199999)
 1415 0362 3150      	1:	subi r19,1
 1416 0364 8040      		sbci r24,0
 1417 0366 9040      		sbci r25,0
 1418 0368 01F4      		brne 1b
 1419 036a 00C0      		rjmp .
 1420 036c 0000      		nop
 1421               	.LVL122:
 1422               	.LBE141:
 1423               	.LBE140:
 1424               	.LBB142:
 1425               	.LBB143:
 144:full2.c       **** }
 1426               		.loc 1 144 0
 1427 036e 84EF      		ldi r24,lo8(-12)
 1428 0370 91E0      		ldi r25,lo8(1)
 1429 0372 9093 8B00 		sts 138+1,r25
 1430 0376 8093 8A00 		sts 138,r24
 1431               	.LVL123:
 1432               	.LBE143:
 1433               	.LBE142:
 271:full2.c       **** 		        lcd_printf("Hand Detected");
 1434               		.loc 1 271 0
 1435 037a 60E0      		ldi r22,0
 1436 037c 82E0      		ldi r24,lo8(2)
 1437 037e 0E94 0000 		call lcd_goto
 1438               	.LVL124:
 272:full2.c       **** 		        break;
 1439               		.loc 1 272 0
 1440 0382 80E0      		ldi r24,lo8(.LC7)
 1441 0384 90E0      		ldi r25,hi8(.LC7)
 1442 0386 9F93      		push r25
 1443 0388 8F93      		push r24
 1444 038a 0E94 0000 		call lcd_printf
 1445               	.LVL125:
 1446 038e 00C0      		rjmp .L106
 1447               	.LVL126:
 1448               	.L70:
 1449               	.LBB144:
 1450               	.LBB145:
 187:/usr/lib/avr/include/util/delay.h **** 
 1451               		.loc 2 187 0
 1452 0390 2FEF      		ldi r18,lo8(159999)
 1453 0392 30E7      		ldi r19,hi8(159999)
 1454 0394 82E0      		ldi r24,hlo8(159999)
 1455 0396 2150      	1:	subi r18,1
 1456 0398 3040      		sbci r19,0
 1457 039a 8040      		sbci r24,0
 1458 039c 01F4      		brne 1b
 1459               	.LVL127:
 1460 039e 00C0      		rjmp .
 1461 03a0 0000      		nop
 1462               	.LVL128:
 1463 03a2 91E0      		ldi r25,1
 1464 03a4 C91A      		sub r12,r25
 1465 03a6 D108      		sbc r13,__zero_reg__
 1466               	.LVL129:
 1467               	.LBE145:
 1468               	.LBE144:
 260:full2.c       **** 		    distance = ultrasonic_read();
 1469               		.loc 1 260 0
 1470 03a8 01F0      		breq .+2
 1471 03aa 00C0      		rjmp .L72
 280:full2.c       **** 		    lcd_printf("No Hand Action");
 1472               		.loc 1 280 0
 1473 03ac 60E0      		ldi r22,0
 1474 03ae 82E0      		ldi r24,lo8(2)
 1475 03b0 0E94 0000 		call lcd_goto
 1476               	.LVL130:
 281:full2.c       **** 
 1477               		.loc 1 281 0
 1478 03b4 80E0      		ldi r24,lo8(.LC11)
 1479 03b6 90E0      		ldi r25,hi8(.LC11)
 1480 03b8 9F93      		push r25
 1481 03ba 8F93      		push r24
 1482 03bc 0E94 0000 		call lcd_printf
 1483               	.LVL131:
 1484               	.LBB146:
 1485               	.LBB147:
 157:full2.c       ****     
 1486               		.loc 1 157 0
 1487 03c0 8CE9      		ldi r24,lo8(-100)
 1488 03c2 8093 B300 		sts 179,r24
 1489               	.LVL132:
 1490               	.LBE147:
 1491               	.LBE146:
 1492               	.LBB148:
 1493               	.LBB149:
 187:/usr/lib/avr/include/util/delay.h **** 
 1494               		.loc 2 187 0
 1495 03c6 8FEF      		ldi r24,lo8(3199999)
 1496 03c8 93ED      		ldi r25,hi8(3199999)
 1497 03ca 20E3      		ldi r18,hlo8(3199999)
 1498 03cc 8150      	1:	subi r24,1
 1499 03ce 9040      		sbci r25,0
 1500 03d0 2040      		sbci r18,0
 1501 03d2 01F4      		brne 1b
 1502 03d4 00C0      		rjmp .
 1503 03d6 0000      		nop
 1504               	.LVL133:
 1505               	.LBE149:
 1506               	.LBE148:
 1507               	.LBB150:
 1508               	.LBB151:
 157:full2.c       ****     
 1509               		.loc 1 157 0
 1510 03d8 8FE1      		ldi r24,lo8(31)
 1511 03da 8093 B300 		sts 179,r24
 1512               	.LVL134:
 1513               	.LBE151:
 1514               	.LBE150:
 1515               	.LBB152:
 1516               	.LBB153:
 187:/usr/lib/avr/include/util/delay.h **** 
 1517               		.loc 2 187 0
 1518 03de 3FEF      		ldi r19,lo8(3199999)
 1519 03e0 83ED      		ldi r24,hi8(3199999)
 1520 03e2 90E3      		ldi r25,hlo8(3199999)
 1521 03e4 3150      	1:	subi r19,1
 1522 03e6 8040      		sbci r24,0
 1523 03e8 9040      		sbci r25,0
 1524 03ea 01F4      		brne 1b
 1525 03ec 00C0      		rjmp .
 1526 03ee 0000      		nop
 1527               	.LVL135:
 1528               	.LBE153:
 1529               	.LBE152:
 1530               	.LBB154:
 1531               	.LBB155:
 144:full2.c       **** }
 1532               		.loc 1 144 0
 1533 03f0 80E6      		ldi r24,lo8(96)
 1534 03f2 99E0      		ldi r25,lo8(9)
 1535 03f4 9093 8B00 		sts 138+1,r25
 1536 03f8 8093 8A00 		sts 138,r24
 1537               	.LVL136:
 1538               	.LBE155:
 1539               	.LBE154:
 1540               	.LBB156:
 1541               	.LBB157:
 187:/usr/lib/avr/include/util/delay.h **** 
 1542               		.loc 2 187 0
 1543 03fc 2FEF      		ldi r18,lo8(3199999)
 1544 03fe 33ED      		ldi r19,hi8(3199999)
 1545 0400 80E3      		ldi r24,hlo8(3199999)
 1546 0402 2150      	1:	subi r18,1
 1547 0404 3040      		sbci r19,0
 1548 0406 8040      		sbci r24,0
 1549 0408 01F4      		brne 1b
 1550 040a 00C0      		rjmp .
 1551 040c 0000      		nop
 1552               	.LVL137:
 1553               	.LBE157:
 1554               	.LBE156:
 1555               	.LBB158:
 1556               	.LBB159:
 144:full2.c       **** }
 1557               		.loc 1 144 0
 1558 040e 84EF      		ldi r24,lo8(-12)
 1559 0410 91E0      		ldi r25,lo8(1)
 1560 0412 9093 8B00 		sts 138+1,r25
 1561 0416 8093 8A00 		sts 138,r24
 1562 041a 00C0      		rjmp .L106
 1563               	.LVL138:
 1564               	.L69:
 1565               	.LBE159:
 1566               	.LBE158:
 1567               	.LBE129:
 300:full2.c       **** 		buzzer_on();
 1568               		.loc 1 300 0
 1569 041c 9091 0000 		lds r25,alarm2_hour
 1570 0420 8913      		cpse r24,r25
 1571 0422 00C0      		rjmp .L68
 300:full2.c       **** 		buzzer_on();
 1572               		.loc 1 300 0 is_stmt 0 discriminator 1
 1573 0424 9A81      		ldd r25,Y+2
 1574 0426 8091 0000 		lds r24,alarm2_min
 1575 042a 9813      		cpse r25,r24
 1576 042c 00C0      		rjmp .L68
 300:full2.c       **** 		buzzer_on();
 1577               		.loc 1 300 0 discriminator 2
 1578 042e 8981      		ldd r24,Y+1
 1579 0430 8111      		cpse r24,__zero_reg__
 1580 0432 00C0      		rjmp .L68
 1581               	.LBB162:
 301:full2.c       **** 		lcd_goto(2, 0);
 1582               		.loc 1 301 0 is_stmt 1
 1583 0434 0E94 0000 		call buzzer_on
 1584               	.LVL139:
 302:full2.c       **** 		lcd_printf("Alarm2: Waiting");
 1585               		.loc 1 302 0
 1586 0438 60E0      		ldi r22,0
 1587 043a 82E0      		ldi r24,lo8(2)
 1588 043c 0E94 0000 		call lcd_goto
 1589               	.LVL140:
 1590               		.loc 1 303 0
 1591 0440 9F92      		push r9
 1592 0442 8F92      		push r8
 1593 0444 0E94 0000 		call lcd_printf
 1594               	.LVL141:
 1595 0448 0F90      		pop __tmp_reg__
 1596 044a 0F90      		pop __tmp_reg__
 1597 044c 88E0      		ldi r24,lo8(8)
 1598 044e C82E      		mov r12,r24
 1599 0450 87E0      		ldi r24,lo8(7)
 1600 0452 D82E      		mov r13,r24
 1601               	.LVL142:
 1602               	.L76:
 304:full2.c       **** 
 305:full2.c       **** 		uint16_t distance;
 306:full2.c       **** 		uint16_t timeout = 0;
 307:full2.c       **** 		uint8_t hand_detected = 0;
 308:full2.c       **** 
 309:full2.c       **** 		// Wait 3 minutes
 310:full2.c       **** 		while (timeout < 1800) {
 311:full2.c       **** 		    distance = ultrasonic_read();
 1603               		.loc 1 311 0
 1604 0454 0E94 0000 		call ultrasonic_read
 1605               	.LVL143:
 312:full2.c       **** 		    if (distance > 2 && distance < 15) {
 1606               		.loc 1 312 0
 1607 0458 0397      		sbiw r24,3
 1608               	.LVL144:
 1609 045a 0C97      		sbiw r24,12
 1610 045c 00F4      		brsh .L74
 1611               	.LVL145:
 313:full2.c       **** 		        hand_detected = 1;
 314:full2.c       **** 		        lcd_goto(2, 0);
 1612               		.loc 1 314 0
 1613 045e 60E0      		ldi r22,0
 1614 0460 82E0      		ldi r24,lo8(2)
 1615               	.LVL146:
 1616 0462 0E94 0000 		call lcd_goto
 1617               	.LVL147:
 315:full2.c       **** 		        lcd_printf("Hand Detected");
 1618               		.loc 1 315 0
 1619 0466 80E0      		ldi r24,lo8(.LC7)
 1620 0468 90E0      		ldi r25,hi8(.LC7)
 1621 046a 9F93      		push r25
 1622 046c 8F93      		push r24
 1623 046e 0E94 0000 		call lcd_printf
 1624               	.LVL148:
 316:full2.c       **** 		        break;
 1625               		.loc 1 316 0
 1626 0472 0F90      		pop __tmp_reg__
 1627 0474 0F90      		pop __tmp_reg__
 313:full2.c       **** 		        hand_detected = 1;
 1628               		.loc 1 313 0
 1629 0476 DD24      		clr r13
 1630 0478 D394      		inc r13
 1631               		.loc 1 316 0
 1632 047a 00C0      		rjmp .L75
 1633               	.LVL149:
 1634               	.L74:
 1635               	.LBB125:
 1636               	.LBB126:
 187:/usr/lib/avr/include/util/delay.h **** 
 1637               		.loc 2 187 0
 1638 047c 2FEF      		ldi r18,lo8(159999)
 1639 047e 30E7      		ldi r19,hi8(159999)
 1640 0480 82E0      		ldi r24,hlo8(159999)
 1641 0482 2150      	1:	subi r18,1
 1642 0484 3040      		sbci r19,0
 1643 0486 8040      		sbci r24,0
 1644 0488 01F4      		brne 1b
 1645               	.LVL150:
 1646 048a 00C0      		rjmp .
 1647 048c 0000      		nop
 1648               	.LVL151:
 1649 048e 91E0      		ldi r25,1
 1650 0490 C91A      		sub r12,r25
 1651 0492 D108      		sbc r13,__zero_reg__
 1652               	.LVL152:
 1653               	.LBE126:
 1654               	.LBE125:
 310:full2.c       **** 		    distance = ultrasonic_read();
 1655               		.loc 1 310 0
 1656 0494 01F4      		brne .L76
 307:full2.c       **** 
 1657               		.loc 1 307 0
 1658 0496 D12C      		mov r13,__zero_reg__
 1659               	.LVL153:
 1660               	.L75:
 317:full2.c       **** 		    }
 318:full2.c       **** 		    _delay_ms(100);
 319:full2.c       **** 		    timeout++;
 320:full2.c       **** 		}
 321:full2.c       **** 
 322:full2.c       **** 		// After 3 minutes → stop buzzer either way
 323:full2.c       **** 		buzzer_off();
 1661               		.loc 1 323 0
 1662 0498 0E94 0000 		call buzzer_off
 1663               	.LVL154:
 324:full2.c       **** 		if (!hand_detected) {
 1664               		.loc 1 324 0
 1665 049c D110      		cpse r13,__zero_reg__
 1666 049e 00C0      		rjmp .L77
 1667               	.LVL155:
 325:full2.c       **** 		    lcd_goto(2, 0);
 1668               		.loc 1 325 0
 1669 04a0 60E0      		ldi r22,0
 1670 04a2 82E0      		ldi r24,lo8(2)
 1671 04a4 0E94 0000 		call lcd_goto
 1672               	.LVL156:
 326:full2.c       **** 		    lcd_printf("No Hand -> Off");
 1673               		.loc 1 326 0
 1674 04a8 80E0      		ldi r24,lo8(.LC10)
 1675 04aa 90E0      		ldi r25,hi8(.LC10)
 1676 04ac 9F93      		push r25
 1677 04ae 8F93      		push r24
 1678 04b0 0E94 0000 		call lcd_printf
 1679               	.LVL157:
 1680 04b4 0F90      		pop __tmp_reg__
 1681 04b6 0F90      		pop __tmp_reg__
 1682               	.LVL158:
 1683               	.L77:
 1684               	.LBB127:
 1685               	.LBB128:
 187:/usr/lib/avr/include/util/delay.h **** 
 1686               		.loc 2 187 0
 1687 04b8 2FEF      		ldi r18,lo8(3199999)
 1688 04ba 33ED      		ldi r19,hi8(3199999)
 1689 04bc 80E3      		ldi r24,hlo8(3199999)
 1690 04be 2150      	1:	subi r18,1
 1691 04c0 3040      		sbci r19,0
 1692 04c2 8040      		sbci r24,0
 1693 04c4 01F4      		brne 1b
 1694 04c6 00C0      		rjmp .
 1695 04c8 0000      		nop
 1696               	.LVL159:
 1697               	.L107:
 1698               	.LBE128:
 1699               	.LBE127:
 327:full2.c       **** 		}
 328:full2.c       **** 		_delay_ms(2000);
 329:full2.c       **** 		lcd_goto(2, 0);
 1700               		.loc 1 329 0
 1701 04ca 60E0      		ldi r22,0
 1702 04cc 82E0      		ldi r24,lo8(2)
 1703 04ce 0E94 0000 		call lcd_goto
 1704               	.LVL160:
 330:full2.c       **** 		lcd_printf("                ");
 1705               		.loc 1 330 0
 1706 04d2 80E0      		ldi r24,lo8(.LC8)
 1707 04d4 90E0      		ldi r25,hi8(.LC8)
 1708 04d6 9F93      		push r25
 1709 04d8 8F93      		push r24
 1710 04da 0E94 0000 		call lcd_printf
 1711               	.LVL161:
 1712 04de 0F90      		pop __tmp_reg__
 1713 04e0 0F90      		pop __tmp_reg__
 1714               	.L68:
 1715               	.LVL162:
 1716               	.LBE162:
 1717               	.LBB163:
 1718               	.LBB164:
 187:/usr/lib/avr/include/util/delay.h **** 
 1719               		.loc 2 187 0
 1720 04e2 9FEF      		ldi r25,lo8(159999)
 1721 04e4 20E7      		ldi r18,hi8(159999)
 1722 04e6 32E0      		ldi r19,hlo8(159999)
 1723 04e8 9150      	1:	subi r25,1
 1724 04ea 2040      		sbci r18,0
 1725 04ec 3040      		sbci r19,0
 1726 04ee 01F4      		brne 1b
 1727 04f0 00C0      		rjmp .
 1728 04f2 0000      		nop
 1729 04f4 00C0      		rjmp .L78
 1730               	.LVL163:
 1731               	.L106:
 1732               	.LBE164:
 1733               	.LBE163:
 1734               	.LBB165:
 1735               	.LBB161:
 1736               	.LBB160:
 144:full2.c       **** }
 1737               		.loc 1 144 0
 1738 04f6 0F90      		pop __tmp_reg__
 1739 04f8 0F90      		pop __tmp_reg__
 1740               	.LBE160:
 1741               	.LBE161:
 294:full2.c       **** 		lcd_goto(2, 0);
 1742               		.loc 1 294 0
 1743 04fa 0E94 0000 		call buzzer_off
 1744               	.LVL164:
 1745 04fe 00C0      		rjmp .L107
 1746               	.LBE165:
 1747               		.cfi_endproc
 1748               	.LFE26:
 1750               	.global	last_btn_down
 1751               		.section .bss
 1754               	last_btn_down:
 1755 0000 00        		.zero	1
 1756               	.global	last_btn_up
 1759               	last_btn_up:
 1760 0001 00        		.zero	1
 1761               	.global	last_btn_next
 1764               	last_btn_next:
 1765 0002 00        		.zero	1
 1766               	.global	last_btn_set
 1769               	last_btn_set:
 1770 0003 00        		.zero	1
 1771               	.global	edit_field
 1774               	edit_field:
 1775 0004 00        		.zero	1
 1776               	.global	mode
 1779               	mode:
 1780 0005 00        		.zero	1
 1781               	.global	alarm2_min
 1782               		.data
 1785               	alarm2_min:
 1786 0000 05        		.byte	5
 1787               	.global	alarm2_hour
 1790               	alarm2_hour:
 1791 0001 0C        		.byte	12
 1792               	.global	alarm1_min
 1795               	alarm1_min:
 1796 0002 01        		.byte	1
 1797               	.global	alarm1_hour
 1800               	alarm1_hour:
 1801 0003 0C        		.byte	12
 1802               		.text
 1803               	.Letext0:
 1804               		.file 3 "/usr/lib/avr/include/stdint.h"
 1805               		.file 4 "lcd.h"
DEFINED SYMBOLS
                            *ABS*:0000000000000000 full2.c
     /tmp/ccw6TFBN.s:2      *ABS*:000000000000003e __SP_H__
     /tmp/ccw6TFBN.s:3      *ABS*:000000000000003d __SP_L__
     /tmp/ccw6TFBN.s:4      *ABS*:000000000000003f __SREG__
     /tmp/ccw6TFBN.s:5      *ABS*:0000000000000000 __tmp_reg__
     /tmp/ccw6TFBN.s:6      *ABS*:0000000000000001 __zero_reg__
     /tmp/ccw6TFBN.s:12     .text:0000000000000000 ds1302_init
     /tmp/ccw6TFBN.s:37     .text:000000000000000e ds1302_start
     /tmp/ccw6TFBN.s:65     .text:000000000000001a ds1302_stop
     /tmp/ccw6TFBN.s:92     .text:0000000000000026 ds1302_write_byte
     /tmp/ccw6TFBN.s:158    .text:000000000000004e ds1302_read_byte
     /tmp/ccw6TFBN.s:225    .text:0000000000000076 bcd_to_dec
     /tmp/ccw6TFBN.s:250    .text:0000000000000088 dec_to_bcd
     /tmp/ccw6TFBN.s:275    .text:000000000000009c ds1302_write
     /tmp/ccw6TFBN.s:319    .text:00000000000000bc ds1302_read
     /tmp/ccw6TFBN.s:360    .text:00000000000000dc ds1302_set_time
     /tmp/ccw6TFBN.s:434    .text:0000000000000128 ds1302_get_time
     /tmp/ccw6TFBN.s:511    .text:0000000000000170 button_pressed
     /tmp/ccw6TFBN.s:599    .text:00000000000001c0 buzzer_on
     /tmp/ccw6TFBN.s:615    .text:00000000000001c4 buzzer_off
     /tmp/ccw6TFBN.s:631    .text:00000000000001c8 servo_upper_init
     /tmp/ccw6TFBN.s:658    .text:00000000000001e4 servo_upper_angle
     /tmp/ccw6TFBN.s:693    .text:0000000000000212 servo_lower_init
     /tmp/ccw6TFBN.s:718    .text:0000000000000228 servo_lower_angle
     /tmp/ccw6TFBN.s:760    .text:0000000000000260 ultrasonic_init
     /tmp/ccw6TFBN.s:778    .text:0000000000000266 ultrasonic_read
     /tmp/ccw6TFBN.s:880    .text.startup:0000000000000000 main
     /tmp/ccw6TFBN.s:1769   .bss:0000000000000003 last_btn_set
     /tmp/ccw6TFBN.s:1779   .bss:0000000000000005 mode
     /tmp/ccw6TFBN.s:1774   .bss:0000000000000004 edit_field
     /tmp/ccw6TFBN.s:1764   .bss:0000000000000002 last_btn_next
     /tmp/ccw6TFBN.s:1759   .bss:0000000000000001 last_btn_up
     /tmp/ccw6TFBN.s:1800   .data:0000000000000003 alarm1_hour
     /tmp/ccw6TFBN.s:1795   .data:0000000000000002 alarm1_min
     /tmp/ccw6TFBN.s:1754   .bss:0000000000000000 last_btn_down
     /tmp/ccw6TFBN.s:1790   .data:0000000000000001 alarm2_hour
     /tmp/ccw6TFBN.s:1785   .data:0000000000000000 alarm2_min

UNDEFINED SYMBOLS
__udivmodqi4
__umulhisi3
__udivmodsi4
__udivmodhi4
lcd_init
lcd_clear
__divmodhi4
lcd_goto
lcd_printf
__do_copy_data
__do_clear_bss
