
full2.elf:     file format elf32-avr

Sections:
Idx Name          Size      VMA       LMA       File off  Algn
  0 .data         000000c8  00800100  00001066  000010fa  2**0
                  CONTENTS, ALLOC, LOAD, DATA
  1 .text         00001066  00000000  00000000  00000094  2**1
                  CONTENTS, ALLOC, LOAD, READONLY, CODE
  2 .bss          00000007  008001c8  008001c8  000011c2  2**0
                  ALLOC
  3 .comment      00000011  00000000  00000000  000011c2  2**0
                  CONTENTS, READONLY
  4 .note.gnu.avr.deviceinfo 00000040  00000000  00000000  000011d4  2**2
                  CONTENTS, READONLY
  5 .debug_aranges 00000048  00000000  00000000  00001214  2**0
                  CONTENTS, READONLY, DEBUGGING
  6 .debug_info   00001d05  00000000  00000000  0000125c  2**0
                  CONTENTS, READONLY, DEBUGGING
  7 .debug_abbrev 00000abd  00000000  00000000  00002f61  2**0
                  CONTENTS, READONLY, DEBUGGING
  8 .debug_line   000008c3  00000000  00000000  00003a1e  2**0
                  CONTENTS, READONLY, DEBUGGING
  9 .debug_frame  00000270  00000000  00000000  000042e4  2**2
                  CONTENTS, READONLY, DEBUGGING
 10 .debug_str    0000060e  00000000  00000000  00004554  2**0
                  CONTENTS, READONLY, DEBUGGING
 11 .debug_loc    00001249  00000000  00000000  00004b62  2**0
                  CONTENTS, READONLY, DEBUGGING
 12 .debug_ranges 00000030  00000000  00000000  00005dab  2**0
                  CONTENTS, READONLY, DEBUGGING

Disassembly of section .text:

00000000 <__vectors>:
       0:	0c 94 34 00 	jmp	0x68	; 0x68 <__ctors_end>
       4:	0c 94 51 00 	jmp	0xa2	; 0xa2 <__bad_interrupt>
       8:	0c 94 51 00 	jmp	0xa2	; 0xa2 <__bad_interrupt>
       c:	0c 94 51 00 	jmp	0xa2	; 0xa2 <__bad_interrupt>
      10:	0c 94 51 00 	jmp	0xa2	; 0xa2 <__bad_interrupt>
      14:	0c 94 51 00 	jmp	0xa2	; 0xa2 <__bad_interrupt>
      18:	0c 94 51 00 	jmp	0xa2	; 0xa2 <__bad_interrupt>
      1c:	0c 94 51 00 	jmp	0xa2	; 0xa2 <__bad_interrupt>
      20:	0c 94 51 00 	jmp	0xa2	; 0xa2 <__bad_interrupt>
      24:	0c 94 51 00 	jmp	0xa2	; 0xa2 <__bad_interrupt>
      28:	0c 94 51 00 	jmp	0xa2	; 0xa2 <__bad_interrupt>
      2c:	0c 94 51 00 	jmp	0xa2	; 0xa2 <__bad_interrupt>
      30:	0c 94 51 00 	jmp	0xa2	; 0xa2 <__bad_interrupt>
      34:	0c 94 51 00 	jmp	0xa2	; 0xa2 <__bad_interrupt>
      38:	0c 94 51 00 	jmp	0xa2	; 0xa2 <__bad_interrupt>
      3c:	0c 94 51 00 	jmp	0xa2	; 0xa2 <__bad_interrupt>
      40:	0c 94 51 00 	jmp	0xa2	; 0xa2 <__bad_interrupt>
      44:	0c 94 51 00 	jmp	0xa2	; 0xa2 <__bad_interrupt>
      48:	0c 94 51 00 	jmp	0xa2	; 0xa2 <__bad_interrupt>
      4c:	0c 94 51 00 	jmp	0xa2	; 0xa2 <__bad_interrupt>
      50:	0c 94 51 00 	jmp	0xa2	; 0xa2 <__bad_interrupt>
      54:	0c 94 51 00 	jmp	0xa2	; 0xa2 <__bad_interrupt>
      58:	0c 94 51 00 	jmp	0xa2	; 0xa2 <__bad_interrupt>
      5c:	0c 94 51 00 	jmp	0xa2	; 0xa2 <__bad_interrupt>
      60:	0c 94 51 00 	jmp	0xa2	; 0xa2 <__bad_interrupt>
      64:	0c 94 51 00 	jmp	0xa2	; 0xa2 <__bad_interrupt>

00000068 <__ctors_end>:
      68:	11 24       	eor	r1, r1
      6a:	1f be       	out	0x3f, r1	; 63
      6c:	cf ef       	ldi	r28, 0xFF	; 255
      6e:	d8 e0       	ldi	r29, 0x08	; 8
      70:	de bf       	out	0x3e, r29	; 62
      72:	cd bf       	out	0x3d, r28	; 61

00000074 <__do_copy_data>:
      74:	11 e0       	ldi	r17, 0x01	; 1
      76:	a0 e0       	ldi	r26, 0x00	; 0
      78:	b1 e0       	ldi	r27, 0x01	; 1
      7a:	e6 e6       	ldi	r30, 0x66	; 102
      7c:	f0 e1       	ldi	r31, 0x10	; 16
      7e:	02 c0       	rjmp	.+4      	; 0x84 <__do_copy_data+0x10>
      80:	05 90       	lpm	r0, Z+
      82:	0d 92       	st	X+, r0
      84:	a8 3c       	cpi	r26, 0xC8	; 200
      86:	b1 07       	cpc	r27, r17
      88:	d9 f7       	brne	.-10     	; 0x80 <__do_copy_data+0xc>

0000008a <__do_clear_bss>:
      8a:	21 e0       	ldi	r18, 0x01	; 1
      8c:	a8 ec       	ldi	r26, 0xC8	; 200
      8e:	b1 e0       	ldi	r27, 0x01	; 1
      90:	01 c0       	rjmp	.+2      	; 0x94 <.do_clear_bss_start>

00000092 <.do_clear_bss_loop>:
      92:	1d 92       	st	X+, r1

00000094 <.do_clear_bss_start>:
      94:	af 3c       	cpi	r26, 0xCF	; 207
      96:	b2 07       	cpc	r27, r18
      98:	e1 f7       	brne	.-8      	; 0x92 <.do_clear_bss_loop>
      9a:	0e 94 47 02 	call	0x48e	; 0x48e <main>
      9e:	0c 94 31 08 	jmp	0x1062	; 0x1062 <_exit>

000000a2 <__bad_interrupt>:
      a2:	0c 94 00 00 	jmp	0	; 0x0 <__vectors>

000000a6 <ds1302_init>:
uint8_t last_btn_up = 0;
uint8_t last_btn_down = 0;

// -------------------- DS1302 FUNCTIONS --------------------
void ds1302_init(void) {
    DS1302_DDR |= (1 << DS1302_CLK) | (1 << DS1302_CE);
      a6:	8a b1       	in	r24, 0x0a	; 10
      a8:	84 64       	ori	r24, 0x44	; 68
      aa:	8a b9       	out	0x0a, r24	; 10
    DS1302_DDR |= (1 << DS1302_IO);
      ac:	53 9a       	sbi	0x0a, 3	; 10
    DS1302_PORT &= ~(1 << DS1302_CLK);
      ae:	5a 98       	cbi	0x0b, 2	; 11
    DS1302_PORT &= ~(1 << DS1302_CE);
      b0:	5e 98       	cbi	0x0b, 6	; 11
      b2:	08 95       	ret

000000b4 <ds1302_start>:
}

void ds1302_start(void) { DS1302_PORT |= (1 << DS1302_CE); _delay_us(4); }
      b4:	5e 9a       	sbi	0x0b, 6	; 11
	#else
		//round up by default
		__ticks_dc = (uint32_t)(ceil(fabs(__tmp)));
	#endif

	__builtin_avr_delay_cycles(__ticks_dc);
      b6:	8a e0       	ldi	r24, 0x0A	; 10
      b8:	8a 95       	dec	r24
      ba:	f1 f7       	brne	.-4      	; 0xb8 <ds1302_start+0x4>
      bc:	00 c0       	rjmp	.+0      	; 0xbe <ds1302_start+0xa>
      be:	08 95       	ret

000000c0 <ds1302_stop>:
void ds1302_stop(void)  { DS1302_PORT &= ~(1 << DS1302_CE); _delay_us(4); }
      c0:	5e 98       	cbi	0x0b, 6	; 11
      c2:	8a e0       	ldi	r24, 0x0A	; 10
      c4:	8a 95       	dec	r24
      c6:	f1 f7       	brne	.-4      	; 0xc4 <ds1302_stop+0x4>
      c8:	00 c0       	rjmp	.+0      	; 0xca <ds1302_stop+0xa>
      ca:	08 95       	ret

000000cc <ds1302_write_byte>:

void ds1302_write_byte(uint8_t data) {
      cc:	98 e0       	ldi	r25, 0x08	; 8
    for (uint8_t i = 0; i < 8; i++) {
        if (data & 0x01) DS1302_PORT |= (1 << DS1302_IO);
      ce:	80 ff       	sbrs	r24, 0
      d0:	02 c0       	rjmp	.+4      	; 0xd6 <ds1302_write_byte+0xa>
      d2:	5b 9a       	sbi	0x0b, 3	; 11
      d4:	01 c0       	rjmp	.+2      	; 0xd8 <ds1302_write_byte+0xc>
        else DS1302_PORT &= ~(1 << DS1302_IO);
      d6:	5b 98       	cbi	0x0b, 3	; 11
        DS1302_PORT |= (1 << DS1302_CLK);
      d8:	5a 9a       	sbi	0x0b, 2	; 11
      da:	22 e0       	ldi	r18, 0x02	; 2
      dc:	2a 95       	dec	r18
      de:	f1 f7       	brne	.-4      	; 0xdc <ds1302_write_byte+0x10>
      e0:	00 c0       	rjmp	.+0      	; 0xe2 <ds1302_write_byte+0x16>
        _delay_us(1);
        DS1302_PORT &= ~(1 << DS1302_CLK);
      e2:	5a 98       	cbi	0x0b, 2	; 11
      e4:	22 e0       	ldi	r18, 0x02	; 2
      e6:	2a 95       	dec	r18
      e8:	f1 f7       	brne	.-4      	; 0xe6 <ds1302_write_byte+0x1a>
      ea:	00 c0       	rjmp	.+0      	; 0xec <ds1302_write_byte+0x20>
        _delay_us(1);
        data >>= 1;
      ec:	86 95       	lsr	r24
      ee:	91 50       	subi	r25, 0x01	; 1

void ds1302_start(void) { DS1302_PORT |= (1 << DS1302_CE); _delay_us(4); }
void ds1302_stop(void)  { DS1302_PORT &= ~(1 << DS1302_CE); _delay_us(4); }

void ds1302_write_byte(uint8_t data) {
    for (uint8_t i = 0; i < 8; i++) {
      f0:	71 f7       	brne	.-36     	; 0xce <ds1302_write_byte+0x2>
        _delay_us(1);
        DS1302_PORT &= ~(1 << DS1302_CLK);
        _delay_us(1);
        data >>= 1;
    }
}
      f2:	08 95       	ret

000000f4 <ds1302_read_byte>:

uint8_t ds1302_read_byte(void) {
    uint8_t data = 0;
    DS1302_DDR &= ~(1 << DS1302_IO);
      f4:	53 98       	cbi	0x0a, 3	; 10
      f6:	98 e0       	ldi	r25, 0x08	; 8
        data >>= 1;
    }
}

uint8_t ds1302_read_byte(void) {
    uint8_t data = 0;
      f8:	80 e0       	ldi	r24, 0x00	; 0
    DS1302_DDR &= ~(1 << DS1302_IO);
    for (uint8_t i = 0; i < 8; i++) {
        data >>= 1;
      fa:	86 95       	lsr	r24
        if (DS1302_PIN & (1 << DS1302_IO)) data |= 0x80;
      fc:	4b 99       	sbic	0x09, 3	; 9
      fe:	80 68       	ori	r24, 0x80	; 128
        DS1302_PORT |= (1 << DS1302_CLK);
     100:	5a 9a       	sbi	0x0b, 2	; 11
     102:	22 e0       	ldi	r18, 0x02	; 2
     104:	2a 95       	dec	r18
     106:	f1 f7       	brne	.-4      	; 0x104 <ds1302_read_byte+0x10>
     108:	00 c0       	rjmp	.+0      	; 0x10a <ds1302_read_byte+0x16>
        _delay_us(1);
        DS1302_PORT &= ~(1 << DS1302_CLK);
     10a:	5a 98       	cbi	0x0b, 2	; 11
     10c:	22 e0       	ldi	r18, 0x02	; 2
     10e:	2a 95       	dec	r18
     110:	f1 f7       	brne	.-4      	; 0x10e <ds1302_read_byte+0x1a>
     112:	00 c0       	rjmp	.+0      	; 0x114 <ds1302_read_byte+0x20>
     114:	91 50       	subi	r25, 0x01	; 1
}

uint8_t ds1302_read_byte(void) {
    uint8_t data = 0;
    DS1302_DDR &= ~(1 << DS1302_IO);
    for (uint8_t i = 0; i < 8; i++) {
     116:	89 f7       	brne	.-30     	; 0xfa <ds1302_read_byte+0x6>
        DS1302_PORT |= (1 << DS1302_CLK);
        _delay_us(1);
        DS1302_PORT &= ~(1 << DS1302_CLK);
        _delay_us(1);
    }
    DS1302_DDR |= (1 << DS1302_IO);
     118:	53 9a       	sbi	0x0a, 3	; 10
    return data;
}
     11a:	08 95       	ret

0000011c <bcd_to_dec>:

uint8_t bcd_to_dec(uint8_t bcd) { return ((bcd >> 4) * 10) + (bcd & 0x0F); }
     11c:	98 2f       	mov	r25, r24
     11e:	92 95       	swap	r25
     120:	9f 70       	andi	r25, 0x0F	; 15
     122:	8f 70       	andi	r24, 0x0F	; 15
     124:	2a e0       	ldi	r18, 0x0A	; 10
     126:	92 9f       	mul	r25, r18
     128:	80 0d       	add	r24, r0
     12a:	11 24       	eor	r1, r1
     12c:	08 95       	ret

0000012e <dec_to_bcd>:
uint8_t dec_to_bcd(uint8_t dec) { return ((dec / 10) << 4) | (dec % 10); }
     12e:	6a e0       	ldi	r22, 0x0A	; 10
     130:	0e 94 d8 04 	call	0x9b0	; 0x9b0 <__udivmodqi4>
     134:	29 2f       	mov	r18, r25
     136:	30 e1       	ldi	r19, 0x10	; 16
     138:	83 9f       	mul	r24, r19
     13a:	c0 01       	movw	r24, r0
     13c:	11 24       	eor	r1, r1
     13e:	82 2b       	or	r24, r18
     140:	08 95       	ret

00000142 <ds1302_write>:

void ds1302_write(uint8_t addr, uint8_t data) {
     142:	cf 93       	push	r28
     144:	df 93       	push	r29
     146:	d8 2f       	mov	r29, r24
     148:	c6 2f       	mov	r28, r22
    ds1302_start();
     14a:	0e 94 5a 00 	call	0xb4	; 0xb4 <ds1302_start>
    ds1302_write_byte(addr);
     14e:	8d 2f       	mov	r24, r29
     150:	0e 94 66 00 	call	0xcc	; 0xcc <ds1302_write_byte>
    ds1302_write_byte(data);
     154:	8c 2f       	mov	r24, r28
     156:	0e 94 66 00 	call	0xcc	; 0xcc <ds1302_write_byte>
    ds1302_stop();
}
     15a:	df 91       	pop	r29
     15c:	cf 91       	pop	r28

void ds1302_write(uint8_t addr, uint8_t data) {
    ds1302_start();
    ds1302_write_byte(addr);
    ds1302_write_byte(data);
    ds1302_stop();
     15e:	0c 94 60 00 	jmp	0xc0	; 0xc0 <ds1302_stop>

00000162 <ds1302_read>:
}

uint8_t ds1302_read(uint8_t addr) {
     162:	cf 93       	push	r28
     164:	c8 2f       	mov	r28, r24
    uint8_t data;
    ds1302_start();
     166:	0e 94 5a 00 	call	0xb4	; 0xb4 <ds1302_start>
    ds1302_write_byte(addr | 0x01);
     16a:	8c 2f       	mov	r24, r28
     16c:	81 60       	ori	r24, 0x01	; 1
     16e:	0e 94 66 00 	call	0xcc	; 0xcc <ds1302_write_byte>
    data = ds1302_read_byte();
     172:	0e 94 7a 00 	call	0xf4	; 0xf4 <ds1302_read_byte>
     176:	c8 2f       	mov	r28, r24
    ds1302_stop();
     178:	0e 94 60 00 	call	0xc0	; 0xc0 <ds1302_stop>
    return data;
}
     17c:	8c 2f       	mov	r24, r28
     17e:	cf 91       	pop	r28
     180:	08 95       	ret

00000182 <ds1302_set_time>:

void ds1302_set_time(uint8_t h, uint8_t m, uint8_t s) {
     182:	1f 93       	push	r17
     184:	cf 93       	push	r28
     186:	df 93       	push	r29
     188:	c8 2f       	mov	r28, r24
     18a:	d6 2f       	mov	r29, r22
     18c:	14 2f       	mov	r17, r20
    ds1302_write(0x8E, 0x00);
     18e:	60 e0       	ldi	r22, 0x00	; 0
     190:	8e e8       	ldi	r24, 0x8E	; 142
     192:	0e 94 a1 00 	call	0x142	; 0x142 <ds1302_write>
    ds1302_write(0x80, dec_to_bcd(s));
     196:	81 2f       	mov	r24, r17
     198:	0e 94 97 00 	call	0x12e	; 0x12e <dec_to_bcd>
     19c:	68 2f       	mov	r22, r24
     19e:	80 e8       	ldi	r24, 0x80	; 128
     1a0:	0e 94 a1 00 	call	0x142	; 0x142 <ds1302_write>
    ds1302_write(0x82, dec_to_bcd(m));
     1a4:	8d 2f       	mov	r24, r29
     1a6:	0e 94 97 00 	call	0x12e	; 0x12e <dec_to_bcd>
     1aa:	68 2f       	mov	r22, r24
     1ac:	82 e8       	ldi	r24, 0x82	; 130
     1ae:	0e 94 a1 00 	call	0x142	; 0x142 <ds1302_write>
    ds1302_write(0x84, dec_to_bcd(h));
     1b2:	8c 2f       	mov	r24, r28
     1b4:	0e 94 97 00 	call	0x12e	; 0x12e <dec_to_bcd>
     1b8:	68 2f       	mov	r22, r24
     1ba:	84 e8       	ldi	r24, 0x84	; 132
     1bc:	0e 94 a1 00 	call	0x142	; 0x142 <ds1302_write>
    ds1302_write(0x8E, 0x80);
     1c0:	60 e8       	ldi	r22, 0x80	; 128
     1c2:	8e e8       	ldi	r24, 0x8E	; 142
}
     1c4:	df 91       	pop	r29
     1c6:	cf 91       	pop	r28
     1c8:	1f 91       	pop	r17
void ds1302_set_time(uint8_t h, uint8_t m, uint8_t s) {
    ds1302_write(0x8E, 0x00);
    ds1302_write(0x80, dec_to_bcd(s));
    ds1302_write(0x82, dec_to_bcd(m));
    ds1302_write(0x84, dec_to_bcd(h));
    ds1302_write(0x8E, 0x80);
     1ca:	0c 94 a1 00 	jmp	0x142	; 0x142 <ds1302_write>

000001ce <ds1302_get_time>:
}

void ds1302_get_time(uint8_t *h, uint8_t *m, uint8_t *s) {
     1ce:	ef 92       	push	r14
     1d0:	ff 92       	push	r15
     1d2:	0f 93       	push	r16
     1d4:	1f 93       	push	r17
     1d6:	cf 93       	push	r28
     1d8:	df 93       	push	r29
     1da:	ec 01       	movw	r28, r24
     1dc:	8b 01       	movw	r16, r22
     1de:	7a 01       	movw	r14, r20
    *s = bcd_to_dec(ds1302_read(0x80));
     1e0:	80 e8       	ldi	r24, 0x80	; 128
     1e2:	0e 94 b1 00 	call	0x162	; 0x162 <ds1302_read>
     1e6:	0e 94 8e 00 	call	0x11c	; 0x11c <bcd_to_dec>
     1ea:	f7 01       	movw	r30, r14
     1ec:	80 83       	st	Z, r24
    *m = bcd_to_dec(ds1302_read(0x82));
     1ee:	82 e8       	ldi	r24, 0x82	; 130
     1f0:	0e 94 b1 00 	call	0x162	; 0x162 <ds1302_read>
     1f4:	0e 94 8e 00 	call	0x11c	; 0x11c <bcd_to_dec>
     1f8:	f8 01       	movw	r30, r16
     1fa:	80 83       	st	Z, r24
    *h = bcd_to_dec(ds1302_read(0x84));
     1fc:	84 e8       	ldi	r24, 0x84	; 132
     1fe:	0e 94 b1 00 	call	0x162	; 0x162 <ds1302_read>
     202:	0e 94 8e 00 	call	0x11c	; 0x11c <bcd_to_dec>
     206:	88 83       	st	Y, r24
}
     208:	df 91       	pop	r29
     20a:	cf 91       	pop	r28
     20c:	1f 91       	pop	r17
     20e:	0f 91       	pop	r16
     210:	ff 90       	pop	r15
     212:	ef 90       	pop	r14
     214:	08 95       	ret

00000216 <button_pressed>:

// -------------------- BUTTON READ --------------------
uint8_t button_pressed(volatile uint8_t *pin_reg, uint8_t pin, uint8_t *last_state) {
     216:	dc 01       	movw	r26, r24
     218:	fa 01       	movw	r30, r20
    uint8_t current_state = !(*pin_reg & (1 << pin)); // Active-low
     21a:	2c 91       	ld	r18, X
    if (current_state && !(*last_state)) {
     21c:	30 e0       	ldi	r19, 0x00	; 0
     21e:	06 2e       	mov	r0, r22
     220:	02 c0       	rjmp	.+4      	; 0x226 <button_pressed+0x10>
     222:	35 95       	asr	r19
     224:	27 95       	ror	r18
     226:	0a 94       	dec	r0
     228:	e2 f7       	brpl	.-8      	; 0x222 <button_pressed+0xc>
     22a:	90 81       	ld	r25, Z
     22c:	20 fd       	sbrc	r18, 0
     22e:	17 c0       	rjmp	.+46     	; 0x25e <button_pressed+0x48>
     230:	91 11       	cpse	r25, r1
     232:	17 c0       	rjmp	.+46     	; 0x262 <button_pressed+0x4c>
	#else
		//round up by default
		__ticks_dc = (uint32_t)(ceil(fabs(__tmp)));
	#endif

	__builtin_avr_delay_cycles(__ticks_dc);
     234:	2f ef       	ldi	r18, 0xFF	; 255
     236:	86 e7       	ldi	r24, 0x76	; 118
     238:	91 e0       	ldi	r25, 0x01	; 1
     23a:	21 50       	subi	r18, 0x01	; 1
     23c:	80 40       	sbci	r24, 0x00	; 0
     23e:	90 40       	sbci	r25, 0x00	; 0
     240:	e1 f7       	brne	.-8      	; 0x23a <button_pressed+0x24>
     242:	00 c0       	rjmp	.+0      	; 0x244 <button_pressed+0x2e>
     244:	00 00       	nop
        _delay_ms(60); // debounce
        current_state = !(*pin_reg & (1 << pin));
     246:	8c 91       	ld	r24, X
        if (current_state) {
     248:	90 e0       	ldi	r25, 0x00	; 0
     24a:	02 c0       	rjmp	.+4      	; 0x250 <button_pressed+0x3a>
     24c:	95 95       	asr	r25
     24e:	87 95       	ror	r24
     250:	6a 95       	dec	r22
     252:	e2 f7       	brpl	.-8      	; 0x24c <button_pressed+0x36>
     254:	80 fd       	sbrc	r24, 0
     256:	05 c0       	rjmp	.+10     	; 0x262 <button_pressed+0x4c>
            *last_state = 1;
     258:	81 e0       	ldi	r24, 0x01	; 1
     25a:	80 83       	st	Z, r24
            return 1;
     25c:	08 95       	ret
        }
    } else if (!current_state && *last_state) {
     25e:	91 11       	cpse	r25, r1
        *last_state = 0;
     260:	10 82       	st	Z, r1
     262:	80 e0       	ldi	r24, 0x00	; 0
    }
    return 0;
}
     264:	08 95       	ret

00000266 <buzzer_on>:

// -------------------- BUZZER --------------------
void buzzer_on() { PORTB |= (1 << BUZZER); }
     266:	2c 9a       	sbi	0x05, 4	; 5
     268:	08 95       	ret

0000026a <buzzer_off>:
void buzzer_off() { PORTB &= ~(1 << BUZZER); }
     26a:	2c 98       	cbi	0x05, 4	; 5
     26c:	08 95       	ret

0000026e <servo_upper_init>:

// -------------------- SERVO UPPER (PB2) --------------------
void servo_upper_init() {
    DDRB |= (1 << SERVO_UPPER);
     26e:	22 9a       	sbi	0x04, 2	; 4
    ICR1 = 39999; 
     270:	8f e3       	ldi	r24, 0x3F	; 63
     272:	9c e9       	ldi	r25, 0x9C	; 156
     274:	90 93 87 00 	sts	0x0087, r25	; 0x800087 <__DATA_REGION_ORIGIN__+0x27>
     278:	80 93 86 00 	sts	0x0086, r24	; 0x800086 <__DATA_REGION_ORIGIN__+0x26>
    TCCR1A = (1 << COM1B1) | (1 << WGM11);
     27c:	82 e2       	ldi	r24, 0x22	; 34
     27e:	80 93 80 00 	sts	0x0080, r24	; 0x800080 <__DATA_REGION_ORIGIN__+0x20>
    TCCR1B = (1 << WGM13) | (1 << WGM12) | (1 << CS11);
     282:	8a e1       	ldi	r24, 0x1A	; 26
     284:	80 93 81 00 	sts	0x0081, r24	; 0x800081 <__DATA_REGION_ORIGIN__+0x21>
     288:	08 95       	ret

0000028a <servo_upper_angle>:
}

void servo_upper_angle(uint8_t angle) {
    uint32_t pulse = 500 + ((angle * 1900UL) / 180);
    OCR1B = pulse;
     28a:	28 2f       	mov	r18, r24
     28c:	30 e0       	ldi	r19, 0x00	; 0
     28e:	ac e6       	ldi	r26, 0x6C	; 108
     290:	b7 e0       	ldi	r27, 0x07	; 7
     292:	0e 94 2e 05 	call	0xa5c	; 0xa5c <__umulhisi3>
     296:	24 eb       	ldi	r18, 0xB4	; 180
     298:	30 e0       	ldi	r19, 0x00	; 0
     29a:	40 e0       	ldi	r20, 0x00	; 0
     29c:	50 e0       	ldi	r21, 0x00	; 0
     29e:	0e 94 0c 05 	call	0xa18	; 0xa18 <__udivmodsi4>
     2a2:	da 01       	movw	r26, r20
     2a4:	c9 01       	movw	r24, r18
     2a6:	8c 50       	subi	r24, 0x0C	; 12
     2a8:	9e 4f       	sbci	r25, 0xFE	; 254
     2aa:	af 4f       	sbci	r26, 0xFF	; 255
     2ac:	bf 4f       	sbci	r27, 0xFF	; 255
     2ae:	90 93 8b 00 	sts	0x008B, r25	; 0x80008b <__DATA_REGION_ORIGIN__+0x2b>
     2b2:	80 93 8a 00 	sts	0x008A, r24	; 0x80008a <__DATA_REGION_ORIGIN__+0x2a>
     2b6:	08 95       	ret

000002b8 <servo_lower_init>:
}

// -------------------- SERVO LOWER (PB3) --------------------
void servo_lower_init() {
    DDRB |= (1 << SERVO_LOWER);
     2b8:	23 9a       	sbi	0x04, 3	; 4
    TCCR2A = (1 << COM2A1) | (1 << WGM21) | (1 << WGM20);
     2ba:	83 e8       	ldi	r24, 0x83	; 131
     2bc:	80 93 b0 00 	sts	0x00B0, r24	; 0x8000b0 <__DATA_REGION_ORIGIN__+0x50>
    TCCR2B = (1 << CS22) | (1 << CS20);
     2c0:	85 e0       	ldi	r24, 0x05	; 5
     2c2:	80 93 b1 00 	sts	0x00B1, r24	; 0x8000b1 <__DATA_REGION_ORIGIN__+0x51>
    OCR2A = 94;
     2c6:	8e e5       	ldi	r24, 0x5E	; 94
     2c8:	80 93 b3 00 	sts	0x00B3, r24	; 0x8000b3 <__DATA_REGION_ORIGIN__+0x53>
     2cc:	08 95       	ret

000002ce <servo_lower_angle>:
}

void servo_lower_angle(uint8_t angle) {
    uint32_t pulse = 500 + ((angle * 2000UL) / 180);
    OCR2A = pulse / 16;
     2ce:	28 2f       	mov	r18, r24
     2d0:	30 e0       	ldi	r19, 0x00	; 0
     2d2:	a0 ed       	ldi	r26, 0xD0	; 208
     2d4:	b7 e0       	ldi	r27, 0x07	; 7
     2d6:	0e 94 2e 05 	call	0xa5c	; 0xa5c <__umulhisi3>
     2da:	24 eb       	ldi	r18, 0xB4	; 180
     2dc:	30 e0       	ldi	r19, 0x00	; 0
     2de:	40 e0       	ldi	r20, 0x00	; 0
     2e0:	50 e0       	ldi	r21, 0x00	; 0
     2e2:	0e 94 0c 05 	call	0xa18	; 0xa18 <__udivmodsi4>
     2e6:	da 01       	movw	r26, r20
     2e8:	c9 01       	movw	r24, r18
     2ea:	8c 50       	subi	r24, 0x0C	; 12
     2ec:	9e 4f       	sbci	r25, 0xFE	; 254
     2ee:	af 4f       	sbci	r26, 0xFF	; 255
     2f0:	bf 4f       	sbci	r27, 0xFF	; 255
     2f2:	24 e0       	ldi	r18, 0x04	; 4
     2f4:	b6 95       	lsr	r27
     2f6:	a7 95       	ror	r26
     2f8:	97 95       	ror	r25
     2fa:	87 95       	ror	r24
     2fc:	2a 95       	dec	r18
     2fe:	d1 f7       	brne	.-12     	; 0x2f4 <servo_lower_angle+0x26>
     300:	80 93 b3 00 	sts	0x00B3, r24	; 0x8000b3 <__DATA_REGION_ORIGIN__+0x53>
     304:	08 95       	ret

00000306 <ultrasonic_init>:
}

// -------------------- ULTRASONIC --------------------
void ultrasonic_init() {
    DDRB |= (1 << TRIG);
     306:	20 9a       	sbi	0x04, 0	; 4
    DDRB &= ~(1 << ECHO);
     308:	21 98       	cbi	0x04, 1	; 4
     30a:	08 95       	ret

0000030c <ultrasonic_read>:
}

uint16_t ultrasonic_read() {
    uint16_t count = 0;
    PORTB &= ~(1 << TRIG);
     30c:	28 98       	cbi	0x05, 0	; 5
	#else
		//round up by default
		__ticks_dc = (uint32_t)(ceil(fabs(__tmp)));
	#endif

	__builtin_avr_delay_cycles(__ticks_dc);
     30e:	25 e0       	ldi	r18, 0x05	; 5
     310:	2a 95       	dec	r18
     312:	f1 f7       	brne	.-4      	; 0x310 <ultrasonic_read+0x4>
     314:	00 00       	nop
    _delay_us(2);
    PORTB |= (1 << TRIG);
     316:	28 9a       	sbi	0x05, 0	; 5
     318:	8a e1       	ldi	r24, 0x1A	; 26
     31a:	8a 95       	dec	r24
     31c:	f1 f7       	brne	.-4      	; 0x31a <ultrasonic_read+0xe>
     31e:	00 c0       	rjmp	.+0      	; 0x320 <ultrasonic_read+0x14>
    _delay_us(10);
    PORTB &= ~(1 << TRIG);
     320:	28 98       	cbi	0x05, 0	; 5
    while (!(PINB & (1 << ECHO)));
     322:	19 9b       	sbis	0x03, 1	; 3
     324:	fe cf       	rjmp	.-4      	; 0x322 <ultrasonic_read+0x16>
     326:	80 e0       	ldi	r24, 0x00	; 0
     328:	90 e0       	ldi	r25, 0x00	; 0
    while (PINB & (1 << ECHO)) {
     32a:	19 9b       	sbis	0x03, 1	; 3
     32c:	06 c0       	rjmp	.+12     	; 0x33a <ultrasonic_read+0x2e>
        count++;
     32e:	01 96       	adiw	r24, 0x01	; 1
     330:	22 e0       	ldi	r18, 0x02	; 2
     332:	2a 95       	dec	r18
     334:	f1 f7       	brne	.-4      	; 0x332 <ultrasonic_read+0x26>
     336:	00 c0       	rjmp	.+0      	; 0x338 <ultrasonic_read+0x2c>
     338:	f8 cf       	rjmp	.-16     	; 0x32a <ultrasonic_read+0x1e>
        _delay_us(1);
    }
    return (count / 58);
     33a:	6a e3       	ldi	r22, 0x3A	; 58
     33c:	70 e0       	ldi	r23, 0x00	; 0
     33e:	0e 94 e4 04 	call	0x9c8	; 0x9c8 <__udivmodhi4>
     342:	cb 01       	movw	r24, r22
}
     344:	08 95       	ret

00000346 <lcd_send_nibble>:
#define LCD_CTRL_PORT PORTD
#define LCD_RS PD4
#define LCD_EN PD5

static void lcd_send_nibble(uint8_t nibble) {
    LCD_DATA_PORT = (LCD_DATA_PORT & 0xF0) | (nibble & 0x0F);
     346:	98 b1       	in	r25, 0x08	; 8
     348:	90 7f       	andi	r25, 0xF0	; 240
     34a:	8f 70       	andi	r24, 0x0F	; 15
     34c:	89 2b       	or	r24, r25
     34e:	88 b9       	out	0x08, r24	; 8
    LCD_CTRL_PORT |= (1 << LCD_EN);
     350:	5d 9a       	sbi	0x0b, 5	; 11
     352:	82 e0       	ldi	r24, 0x02	; 2
     354:	8a 95       	dec	r24
     356:	f1 f7       	brne	.-4      	; 0x354 <lcd_send_nibble+0xe>
     358:	00 c0       	rjmp	.+0      	; 0x35a <lcd_send_nibble+0x14>
    _delay_us(1);
    LCD_CTRL_PORT &= ~(1 << LCD_EN);
     35a:	5d 98       	cbi	0x0b, 5	; 11
     35c:	87 ec       	ldi	r24, 0xC7	; 199
     35e:	90 e0       	ldi	r25, 0x00	; 0
     360:	01 97       	sbiw	r24, 0x01	; 1
     362:	f1 f7       	brne	.-4      	; 0x360 <lcd_send_nibble+0x1a>
     364:	00 c0       	rjmp	.+0      	; 0x366 <lcd_send_nibble+0x20>
     366:	00 00       	nop
     368:	08 95       	ret

0000036a <lcd_send_byte>:
    _delay_us(100);
}

static void lcd_send_byte(uint8_t byte, uint8_t is_data) {
     36a:	cf 93       	push	r28
     36c:	c8 2f       	mov	r28, r24
    if (is_data)
     36e:	66 23       	and	r22, r22
     370:	11 f0       	breq	.+4      	; 0x376 <lcd_send_byte+0xc>
        LCD_CTRL_PORT |= (1 << LCD_RS);
     372:	5c 9a       	sbi	0x0b, 4	; 11
     374:	01 c0       	rjmp	.+2      	; 0x378 <lcd_send_byte+0xe>
    else
        LCD_CTRL_PORT &= ~(1 << LCD_RS);
     376:	5c 98       	cbi	0x0b, 4	; 11

    lcd_send_nibble(byte >> 4);
     378:	8c 2f       	mov	r24, r28
     37a:	82 95       	swap	r24
     37c:	8f 70       	andi	r24, 0x0F	; 15
     37e:	0e 94 a3 01 	call	0x346	; 0x346 <lcd_send_nibble>
    lcd_send_nibble(byte & 0x0F);
     382:	8c 2f       	mov	r24, r28
     384:	8f 70       	andi	r24, 0x0F	; 15
}
     386:	cf 91       	pop	r28
        LCD_CTRL_PORT |= (1 << LCD_RS);
    else
        LCD_CTRL_PORT &= ~(1 << LCD_RS);

    lcd_send_nibble(byte >> 4);
    lcd_send_nibble(byte & 0x0F);
     388:	0c 94 a3 01 	jmp	0x346	; 0x346 <lcd_send_nibble>

0000038c <lcd_init>:
}

void lcd_init(void) {
    DDRC |= 0x0F;
     38c:	87 b1       	in	r24, 0x07	; 7
     38e:	8f 60       	ori	r24, 0x0F	; 15
     390:	87 b9       	out	0x07, r24	; 7
    DDRD |= (1 << LCD_RS) | (1 << LCD_EN);
     392:	8a b1       	in	r24, 0x0a	; 10
     394:	80 63       	ori	r24, 0x30	; 48
     396:	8a b9       	out	0x0a, r24	; 10
	#else
		//round up by default
		__ticks_dc = (uint32_t)(ceil(fabs(__tmp)));
	#endif

	__builtin_avr_delay_cycles(__ticks_dc);
     398:	8f e3       	ldi	r24, 0x3F	; 63
     39a:	9c e9       	ldi	r25, 0x9C	; 156
     39c:	01 97       	sbiw	r24, 0x01	; 1
     39e:	f1 f7       	brne	.-4      	; 0x39c <lcd_init+0x10>
     3a0:	00 c0       	rjmp	.+0      	; 0x3a2 <lcd_init+0x16>
     3a2:	00 00       	nop
    _delay_ms(20);
    lcd_send_nibble(0x03);
     3a4:	83 e0       	ldi	r24, 0x03	; 3
     3a6:	0e 94 a3 01 	call	0x346	; 0x346 <lcd_send_nibble>
     3aa:	8f e0       	ldi	r24, 0x0F	; 15
     3ac:	97 e2       	ldi	r25, 0x27	; 39
     3ae:	01 97       	sbiw	r24, 0x01	; 1
     3b0:	f1 f7       	brne	.-4      	; 0x3ae <lcd_init+0x22>
     3b2:	00 c0       	rjmp	.+0      	; 0x3b4 <lcd_init+0x28>
     3b4:	00 00       	nop
    _delay_ms(5);
    lcd_send_nibble(0x03);
     3b6:	83 e0       	ldi	r24, 0x03	; 3
     3b8:	0e 94 a3 01 	call	0x346	; 0x346 <lcd_send_nibble>
	#else
		//round up by default
		__ticks_dc = (uint32_t)(ceil(fabs(__tmp)));
	#endif

	__builtin_avr_delay_cycles(__ticks_dc);
     3bc:	87 ec       	ldi	r24, 0xC7	; 199
     3be:	90 e0       	ldi	r25, 0x00	; 0
     3c0:	01 97       	sbiw	r24, 0x01	; 1
     3c2:	f1 f7       	brne	.-4      	; 0x3c0 <lcd_init+0x34>
     3c4:	00 c0       	rjmp	.+0      	; 0x3c6 <lcd_init+0x3a>
     3c6:	00 00       	nop
    _delay_us(100);
    lcd_send_nibble(0x03);
     3c8:	83 e0       	ldi	r24, 0x03	; 3
     3ca:	0e 94 a3 01 	call	0x346	; 0x346 <lcd_send_nibble>
    lcd_send_nibble(0x02);
     3ce:	82 e0       	ldi	r24, 0x02	; 2
     3d0:	0e 94 a3 01 	call	0x346	; 0x346 <lcd_send_nibble>

    lcd_send_byte(0x28, 0);
     3d4:	60 e0       	ldi	r22, 0x00	; 0
     3d6:	88 e2       	ldi	r24, 0x28	; 40
     3d8:	0e 94 b5 01 	call	0x36a	; 0x36a <lcd_send_byte>
    lcd_send_byte(0x0C, 0);
     3dc:	60 e0       	ldi	r22, 0x00	; 0
     3de:	8c e0       	ldi	r24, 0x0C	; 12
     3e0:	0e 94 b5 01 	call	0x36a	; 0x36a <lcd_send_byte>
    lcd_send_byte(0x06, 0);
     3e4:	60 e0       	ldi	r22, 0x00	; 0
     3e6:	86 e0       	ldi	r24, 0x06	; 6
     3e8:	0e 94 b5 01 	call	0x36a	; 0x36a <lcd_send_byte>
    lcd_send_byte(0x01, 0);
     3ec:	60 e0       	ldi	r22, 0x00	; 0
     3ee:	81 e0       	ldi	r24, 0x01	; 1
     3f0:	0e 94 b5 01 	call	0x36a	; 0x36a <lcd_send_byte>
	#else
		//round up by default
		__ticks_dc = (uint32_t)(ceil(fabs(__tmp)));
	#endif

	__builtin_avr_delay_cycles(__ticks_dc);
     3f4:	8f e9       	ldi	r24, 0x9F	; 159
     3f6:	9f e0       	ldi	r25, 0x0F	; 15
     3f8:	01 97       	sbiw	r24, 0x01	; 1
     3fa:	f1 f7       	brne	.-4      	; 0x3f8 <lcd_init+0x6c>
     3fc:	00 c0       	rjmp	.+0      	; 0x3fe <lcd_init+0x72>
     3fe:	00 00       	nop
     400:	08 95       	ret

00000402 <lcd_clear>:
    _delay_ms(2);
}

void lcd_clear(void) {
    lcd_send_byte(0x01, 0);
     402:	60 e0       	ldi	r22, 0x00	; 0
     404:	81 e0       	ldi	r24, 0x01	; 1
     406:	0e 94 b5 01 	call	0x36a	; 0x36a <lcd_send_byte>
     40a:	8f e9       	ldi	r24, 0x9F	; 159
     40c:	9f e0       	ldi	r25, 0x0F	; 15
     40e:	01 97       	sbiw	r24, 0x01	; 1
     410:	f1 f7       	brne	.-4      	; 0x40e <lcd_clear+0xc>
     412:	00 c0       	rjmp	.+0      	; 0x414 <lcd_clear+0x12>
     414:	00 00       	nop
     416:	08 95       	ret

00000418 <lcd_goto>:
    _delay_ms(2);
}

void lcd_goto(uint8_t row, uint8_t col) {
     418:	96 2f       	mov	r25, r22
    uint8_t addr = (row == 0) ? 0x80 : 0xC0;
     41a:	88 23       	and	r24, r24
     41c:	11 f0       	breq	.+4      	; 0x422 <lcd_goto+0xa>
     41e:	80 ec       	ldi	r24, 0xC0	; 192
     420:	01 c0       	rjmp	.+2      	; 0x424 <lcd_goto+0xc>
     422:	80 e8       	ldi	r24, 0x80	; 128
    lcd_send_byte(addr + col, 0);
     424:	60 e0       	ldi	r22, 0x00	; 0
     426:	89 0f       	add	r24, r25
     428:	0c 94 b5 01 	jmp	0x36a	; 0x36a <lcd_send_byte>

0000042c <lcd_puts>:
}

void lcd_puts(const char *str) {
     42c:	cf 93       	push	r28
     42e:	df 93       	push	r29
     430:	ec 01       	movw	r28, r24
    while (*str) {
     432:	89 91       	ld	r24, Y+
     434:	88 23       	and	r24, r24
     436:	21 f0       	breq	.+8      	; 0x440 <lcd_puts+0x14>
        lcd_send_byte(*str++, 1);
     438:	61 e0       	ldi	r22, 0x01	; 1
     43a:	0e 94 b5 01 	call	0x36a	; 0x36a <lcd_send_byte>
     43e:	f9 cf       	rjmp	.-14     	; 0x432 <lcd_puts+0x6>
    }
}
     440:	df 91       	pop	r29
     442:	cf 91       	pop	r28
     444:	08 95       	ret

00000446 <lcd_printf>:

void lcd_printf(const char *fmt, ...) {
     446:	cf 93       	push	r28
     448:	df 93       	push	r29
     44a:	cd b7       	in	r28, 0x3d	; 61
     44c:	de b7       	in	r29, 0x3e	; 62
     44e:	60 97       	sbiw	r28, 0x10	; 16
     450:	0f b6       	in	r0, 0x3f	; 63
     452:	f8 94       	cli
     454:	de bf       	out	0x3e, r29	; 62
     456:	0f be       	out	0x3f, r0	; 63
     458:	cd bf       	out	0x3d, r28	; 61
     45a:	9e 01       	movw	r18, r28
     45c:	2b 5e       	subi	r18, 0xEB	; 235
     45e:	3f 4f       	sbci	r19, 0xFF	; 255
     460:	f9 01       	movw	r30, r18
     462:	41 91       	ld	r20, Z+
     464:	51 91       	ld	r21, Z+
     466:	9f 01       	movw	r18, r30
    char buf[16];
    va_list args;
    va_start(args, fmt);
    vsnprintf(buf, sizeof(buf), fmt, args);
     468:	60 e1       	ldi	r22, 0x10	; 16
     46a:	70 e0       	ldi	r23, 0x00	; 0
     46c:	ce 01       	movw	r24, r28
     46e:	01 96       	adiw	r24, 0x01	; 1
     470:	0e 94 3d 05 	call	0xa7a	; 0xa7a <vsnprintf>
    va_end(args);
    lcd_puts(buf);
     474:	ce 01       	movw	r24, r28
     476:	01 96       	adiw	r24, 0x01	; 1
     478:	0e 94 16 02 	call	0x42c	; 0x42c <lcd_puts>
}
     47c:	60 96       	adiw	r28, 0x10	; 16
     47e:	0f b6       	in	r0, 0x3f	; 63
     480:	f8 94       	cli
     482:	de bf       	out	0x3e, r29	; 62
     484:	0f be       	out	0x3f, r0	; 63
     486:	cd bf       	out	0x3d, r28	; 61
     488:	df 91       	pop	r29
     48a:	cf 91       	pop	r28
     48c:	08 95       	ret

0000048e <main>:

// -------------------- MAIN --------------------
int main(void) {
     48e:	cf 93       	push	r28
     490:	df 93       	push	r29
     492:	00 d0       	rcall	.+0      	; 0x494 <main+0x6>
     494:	1f 92       	push	r1
     496:	cd b7       	in	r28, 0x3d	; 61
     498:	de b7       	in	r29, 0x3e	; 62
    uint8_t hour, min, sec;

    lcd_init();
     49a:	0e 94 c6 01 	call	0x38c	; 0x38c <lcd_init>
    lcd_clear();
     49e:	0e 94 01 02 	call	0x402	; 0x402 <lcd_clear>
    ds1302_init();
     4a2:	0e 94 53 00 	call	0xa6	; 0xa6 <ds1302_init>
    servo_upper_init();
     4a6:	0e 94 37 01 	call	0x26e	; 0x26e <servo_upper_init>
    servo_lower_init();
     4aa:	0e 94 5c 01 	call	0x2b8	; 0x2b8 <servo_lower_init>
    ultrasonic_init();
     4ae:	0e 94 83 01 	call	0x306	; 0x306 <ultrasonic_init>

    DDRB &= ~(1 << BTN_SET); PORTB |= (1 << BTN_SET);
     4b2:	25 98       	cbi	0x04, 5	; 4
     4b4:	2d 9a       	sbi	0x05, 5	; 5
    DDRC &= ~((1 << BTN_NEXT) | (1 << BTN_UP)); PORTC |= (1 << BTN_NEXT) | (1 << BTN_UP);
     4b6:	87 b1       	in	r24, 0x07	; 7
     4b8:	8f 7c       	andi	r24, 0xCF	; 207
     4ba:	87 b9       	out	0x07, r24	; 7
     4bc:	88 b1       	in	r24, 0x08	; 8
     4be:	80 63       	ori	r24, 0x30	; 48
     4c0:	88 b9       	out	0x08, r24	; 8
    DDRD &= ~(1 << BTN_DOWN); PORTD |= (1 << BTN_DOWN);
     4c2:	57 98       	cbi	0x0a, 7	; 10
     4c4:	5f 9a       	sbi	0x0b, 7	; 11
    DDRB |= (1 << BUZZER);
     4c6:	24 9a       	sbi	0x04, 4	; 4

    ds1302_set_time(12, 0, 0);
     4c8:	40 e0       	ldi	r20, 0x00	; 0
     4ca:	60 e0       	ldi	r22, 0x00	; 0
     4cc:	8c e0       	ldi	r24, 0x0C	; 12
     4ce:	0e 94 c1 00 	call	0x182	; 0x182 <ds1302_set_time>
                if (edit_field == 0) alarm1_hour = (alarm1_hour + 1) % 24;
                else alarm1_min = (alarm1_min + 1) % 60;
            }
            if (button_pressed(&PIND, BTN_DOWN, &last_btn_down)) {
                if (edit_field == 0) alarm1_hour = (alarm1_hour + 23) % 24;
                else alarm1_min = (alarm1_min + 59) % 60;
     4d2:	0c e3       	ldi	r16, 0x3C	; 60
     4d4:	10 e0       	ldi	r17, 0x00	; 0
            if (button_pressed(&PINC, BTN_UP, &last_btn_up)) {
                if (edit_field == 0) alarm1_hour = (alarm1_hour + 1) % 24;
                else alarm1_min = (alarm1_min + 1) % 60;
            }
            if (button_pressed(&PIND, BTN_DOWN, &last_btn_down)) {
                if (edit_field == 0) alarm1_hour = (alarm1_hour + 23) % 24;
     4d6:	28 e1       	ldi	r18, 0x18	; 24
     4d8:	e2 2e       	mov	r14, r18
     4da:	f1 2c       	mov	r15, r1
                else alarm2_min = (alarm2_min + 59) % 60;
            }
        }

        lcd_goto(0, 0);
        lcd_printf("Time %02d:%02d:%02d  ", hour, min, sec);
     4dc:	39 e0       	ldi	r19, 0x09	; 9
     4de:	23 2e       	mov	r2, r19
     4e0:	31 e0       	ldi	r19, 0x01	; 1
     4e2:	33 2e       	mov	r3, r19
        if (mode == MODE_NORMAL)
            lcd_printf("A %02d:%02d B %02d:%02d", alarm1_hour, alarm1_min, alarm2_hour, alarm2_min);
        else if (mode == MODE_SET_ALARM1)
            lcd_printf("Set A %s %02d:%02d", (edit_field == 0) ? "Hr" : "Mn", alarm1_hour, alarm1_min);
        else if (mode == MODE_SET_ALARM2)
            lcd_printf("Set B %s %02d:%02d", (edit_field == 0) ? "Hr" : "Mn", alarm2_hour, alarm2_min);
     4e4:	4a e4       	ldi	r20, 0x4A	; 74
     4e6:	44 2e       	mov	r4, r20
     4e8:	41 e0       	ldi	r20, 0x01	; 1
     4ea:	54 2e       	mov	r5, r20
        lcd_printf("Time %02d:%02d:%02d  ", hour, min, sec);
        lcd_goto(1, 0);
        if (mode == MODE_NORMAL)
            lcd_printf("A %02d:%02d B %02d:%02d", alarm1_hour, alarm1_min, alarm2_hour, alarm2_min);
        else if (mode == MODE_SET_ALARM1)
            lcd_printf("Set A %s %02d:%02d", (edit_field == 0) ? "Hr" : "Mn", alarm1_hour, alarm1_min);
     4ec:	57 e3       	ldi	r21, 0x37	; 55
     4ee:	65 2e       	mov	r6, r21
     4f0:	51 e0       	ldi	r21, 0x01	; 1
     4f2:	75 2e       	mov	r7, r21

        lcd_goto(0, 0);
        lcd_printf("Time %02d:%02d:%02d  ", hour, min, sec);
        lcd_goto(1, 0);
        if (mode == MODE_NORMAL)
            lcd_printf("A %02d:%02d B %02d:%02d", alarm1_hour, alarm1_min, alarm2_hour, alarm2_min);
     4f4:	6f e1       	ldi	r22, 0x1F	; 31
     4f6:	a6 2e       	mov	r10, r22
     4f8:	61 e0       	ldi	r22, 0x01	; 1
     4fa:	b6 2e       	mov	r11, r22

	    // -------- Alarm 2 --------
	    else if (hour == alarm2_hour && min == alarm2_min && sec == 0) {
		buzzer_on();
		lcd_goto(2, 0);
		lcd_printf("Alarm2: Waiting");
     4fc:	7c e8       	ldi	r23, 0x8C	; 140
     4fe:	87 2e       	mov	r8, r23
     500:	71 e0       	ldi	r23, 0x01	; 1
     502:	97 2e       	mov	r9, r23
    DDRB |= (1 << BUZZER);

    ds1302_set_time(12, 0, 0);

    while (1) {
        ds1302_get_time(&hour, &min, &sec);
     504:	ae 01       	movw	r20, r28
     506:	4f 5f       	subi	r20, 0xFF	; 255
     508:	5f 4f       	sbci	r21, 0xFF	; 255
     50a:	be 01       	movw	r22, r28
     50c:	6e 5f       	subi	r22, 0xFE	; 254
     50e:	7f 4f       	sbci	r23, 0xFF	; 255
     510:	ce 01       	movw	r24, r28
     512:	03 96       	adiw	r24, 0x03	; 3
     514:	0e 94 e7 00 	call	0x1ce	; 0x1ce <ds1302_get_time>

        if (button_pressed(&PINB, BTN_SET, &last_btn_set)) {
     518:	4b ec       	ldi	r20, 0xCB	; 203
     51a:	51 e0       	ldi	r21, 0x01	; 1
     51c:	65 e0       	ldi	r22, 0x05	; 5
     51e:	83 e2       	ldi	r24, 0x23	; 35
     520:	90 e0       	ldi	r25, 0x00	; 0
     522:	0e 94 0b 01 	call	0x216	; 0x216 <button_pressed>
     526:	88 23       	and	r24, r24
     528:	61 f0       	breq	.+24     	; 0x542 <main+0xb4>
            mode++;
     52a:	80 91 cd 01 	lds	r24, 0x01CD	; 0x8001cd <mode>
     52e:	8f 5f       	subi	r24, 0xFF	; 255
            if (mode > MODE_SET_ALARM2) mode = MODE_NORMAL;
     530:	83 30       	cpi	r24, 0x03	; 3
     532:	18 f4       	brcc	.+6      	; 0x53a <main+0xac>

    while (1) {
        ds1302_get_time(&hour, &min, &sec);

        if (button_pressed(&PINB, BTN_SET, &last_btn_set)) {
            mode++;
     534:	80 93 cd 01 	sts	0x01CD, r24	; 0x8001cd <mode>
     538:	02 c0       	rjmp	.+4      	; 0x53e <main+0xb0>
            if (mode > MODE_SET_ALARM2) mode = MODE_NORMAL;
     53a:	10 92 cd 01 	sts	0x01CD, r1	; 0x8001cd <mode>
            edit_field = 0;
     53e:	10 92 cc 01 	sts	0x01CC, r1	; 0x8001cc <edit_field>
        }
        if (button_pressed(&PINC, BTN_NEXT, &last_btn_next) && mode != MODE_NORMAL) {
     542:	4a ec       	ldi	r20, 0xCA	; 202
     544:	51 e0       	ldi	r21, 0x01	; 1
     546:	64 e0       	ldi	r22, 0x04	; 4
     548:	86 e2       	ldi	r24, 0x26	; 38
     54a:	90 e0       	ldi	r25, 0x00	; 0
     54c:	0e 94 0b 01 	call	0x216	; 0x216 <button_pressed>
     550:	90 91 cd 01 	lds	r25, 0x01CD	; 0x8001cd <mode>
     554:	88 23       	and	r24, r24
     556:	49 f0       	breq	.+18     	; 0x56a <main+0xdc>
     558:	99 23       	and	r25, r25
     55a:	09 f4       	brne	.+2      	; 0x55e <main+0xd0>
     55c:	49 c0       	rjmp	.+146    	; 0x5f0 <main+0x162>
            edit_field ^= 1;
     55e:	80 91 cc 01 	lds	r24, 0x01CC	; 0x8001cc <edit_field>
     562:	21 e0       	ldi	r18, 0x01	; 1
     564:	82 27       	eor	r24, r18
     566:	80 93 cc 01 	sts	0x01CC, r24	; 0x8001cc <edit_field>
        }
        if (mode == MODE_SET_ALARM1) {
     56a:	91 30       	cpi	r25, 0x01	; 1
     56c:	09 f0       	breq	.+2      	; 0x570 <main+0xe2>
     56e:	40 c0       	rjmp	.+128    	; 0x5f0 <main+0x162>
            if (button_pressed(&PINC, BTN_UP, &last_btn_up)) {
     570:	49 ec       	ldi	r20, 0xC9	; 201
     572:	51 e0       	ldi	r21, 0x01	; 1
     574:	65 e0       	ldi	r22, 0x05	; 5
     576:	86 e2       	ldi	r24, 0x26	; 38
     578:	90 e0       	ldi	r25, 0x00	; 0
     57a:	0e 94 0b 01 	call	0x216	; 0x216 <button_pressed>
     57e:	88 23       	and	r24, r24
     580:	b9 f0       	breq	.+46     	; 0x5b0 <main+0x122>
                if (edit_field == 0) alarm1_hour = (alarm1_hour + 1) % 24;
     582:	80 91 cc 01 	lds	r24, 0x01CC	; 0x8001cc <edit_field>
     586:	81 11       	cpse	r24, r1
     588:	0a c0       	rjmp	.+20     	; 0x59e <main+0x110>
     58a:	80 91 02 01 	lds	r24, 0x0102	; 0x800102 <alarm1_hour>
     58e:	90 e0       	ldi	r25, 0x00	; 0
     590:	01 96       	adiw	r24, 0x01	; 1
     592:	b7 01       	movw	r22, r14
     594:	0e 94 f8 04 	call	0x9f0	; 0x9f0 <__divmodhi4>
     598:	80 93 02 01 	sts	0x0102, r24	; 0x800102 <alarm1_hour>
     59c:	09 c0       	rjmp	.+18     	; 0x5b0 <main+0x122>
                else alarm1_min = (alarm1_min + 1) % 60;
     59e:	80 91 ce 01 	lds	r24, 0x01CE	; 0x8001ce <alarm1_min>
     5a2:	90 e0       	ldi	r25, 0x00	; 0
     5a4:	01 96       	adiw	r24, 0x01	; 1
     5a6:	b8 01       	movw	r22, r16
     5a8:	0e 94 f8 04 	call	0x9f0	; 0x9f0 <__divmodhi4>
     5ac:	80 93 ce 01 	sts	0x01CE, r24	; 0x8001ce <alarm1_min>
            }
            if (button_pressed(&PIND, BTN_DOWN, &last_btn_down)) {
     5b0:	48 ec       	ldi	r20, 0xC8	; 200
     5b2:	51 e0       	ldi	r21, 0x01	; 1
     5b4:	67 e0       	ldi	r22, 0x07	; 7
     5b6:	89 e2       	ldi	r24, 0x29	; 41
     5b8:	90 e0       	ldi	r25, 0x00	; 0
     5ba:	0e 94 0b 01 	call	0x216	; 0x216 <button_pressed>
     5be:	88 23       	and	r24, r24
     5c0:	b9 f0       	breq	.+46     	; 0x5f0 <main+0x162>
                if (edit_field == 0) alarm1_hour = (alarm1_hour + 23) % 24;
     5c2:	80 91 cc 01 	lds	r24, 0x01CC	; 0x8001cc <edit_field>
     5c6:	81 11       	cpse	r24, r1
     5c8:	0a c0       	rjmp	.+20     	; 0x5de <main+0x150>
     5ca:	80 91 02 01 	lds	r24, 0x0102	; 0x800102 <alarm1_hour>
     5ce:	90 e0       	ldi	r25, 0x00	; 0
     5d0:	47 96       	adiw	r24, 0x17	; 23
     5d2:	b7 01       	movw	r22, r14
     5d4:	0e 94 f8 04 	call	0x9f0	; 0x9f0 <__divmodhi4>
     5d8:	80 93 02 01 	sts	0x0102, r24	; 0x800102 <alarm1_hour>
     5dc:	09 c0       	rjmp	.+18     	; 0x5f0 <main+0x162>
                else alarm1_min = (alarm1_min + 59) % 60;
     5de:	80 91 ce 01 	lds	r24, 0x01CE	; 0x8001ce <alarm1_min>
     5e2:	90 e0       	ldi	r25, 0x00	; 0
     5e4:	cb 96       	adiw	r24, 0x3b	; 59
     5e6:	b8 01       	movw	r22, r16
     5e8:	0e 94 f8 04 	call	0x9f0	; 0x9f0 <__divmodhi4>
     5ec:	80 93 ce 01 	sts	0x01CE, r24	; 0x8001ce <alarm1_min>
            }
        }
        if (mode == MODE_SET_ALARM2) {
     5f0:	80 91 cd 01 	lds	r24, 0x01CD	; 0x8001cd <mode>
     5f4:	82 30       	cpi	r24, 0x02	; 2
     5f6:	09 f0       	breq	.+2      	; 0x5fa <main+0x16c>
     5f8:	40 c0       	rjmp	.+128    	; 0x67a <main+0x1ec>
            if (button_pressed(&PINC, BTN_UP, &last_btn_up)) {
     5fa:	49 ec       	ldi	r20, 0xC9	; 201
     5fc:	51 e0       	ldi	r21, 0x01	; 1
     5fe:	65 e0       	ldi	r22, 0x05	; 5
     600:	86 e2       	ldi	r24, 0x26	; 38
     602:	90 e0       	ldi	r25, 0x00	; 0
     604:	0e 94 0b 01 	call	0x216	; 0x216 <button_pressed>
     608:	88 23       	and	r24, r24
     60a:	b9 f0       	breq	.+46     	; 0x63a <main+0x1ac>
                if (edit_field == 0) alarm2_hour = (alarm2_hour + 1) % 24;
     60c:	80 91 cc 01 	lds	r24, 0x01CC	; 0x8001cc <edit_field>
     610:	81 11       	cpse	r24, r1
     612:	0a c0       	rjmp	.+20     	; 0x628 <main+0x19a>
     614:	80 91 01 01 	lds	r24, 0x0101	; 0x800101 <alarm2_hour>
     618:	90 e0       	ldi	r25, 0x00	; 0
     61a:	01 96       	adiw	r24, 0x01	; 1
     61c:	b7 01       	movw	r22, r14
     61e:	0e 94 f8 04 	call	0x9f0	; 0x9f0 <__divmodhi4>
     622:	80 93 01 01 	sts	0x0101, r24	; 0x800101 <alarm2_hour>
     626:	09 c0       	rjmp	.+18     	; 0x63a <main+0x1ac>
                else alarm2_min = (alarm2_min + 1) % 60;
     628:	80 91 00 01 	lds	r24, 0x0100	; 0x800100 <__data_start>
     62c:	90 e0       	ldi	r25, 0x00	; 0
     62e:	01 96       	adiw	r24, 0x01	; 1
     630:	b8 01       	movw	r22, r16
     632:	0e 94 f8 04 	call	0x9f0	; 0x9f0 <__divmodhi4>
     636:	80 93 00 01 	sts	0x0100, r24	; 0x800100 <__data_start>
            }
            if (button_pressed(&PIND, BTN_DOWN, &last_btn_down)) {
     63a:	48 ec       	ldi	r20, 0xC8	; 200
     63c:	51 e0       	ldi	r21, 0x01	; 1
     63e:	67 e0       	ldi	r22, 0x07	; 7
     640:	89 e2       	ldi	r24, 0x29	; 41
     642:	90 e0       	ldi	r25, 0x00	; 0
     644:	0e 94 0b 01 	call	0x216	; 0x216 <button_pressed>
     648:	88 23       	and	r24, r24
     64a:	b9 f0       	breq	.+46     	; 0x67a <main+0x1ec>
                if (edit_field == 0) alarm2_hour = (alarm2_hour + 23) % 24;
     64c:	80 91 cc 01 	lds	r24, 0x01CC	; 0x8001cc <edit_field>
     650:	81 11       	cpse	r24, r1
     652:	0a c0       	rjmp	.+20     	; 0x668 <main+0x1da>
     654:	80 91 01 01 	lds	r24, 0x0101	; 0x800101 <alarm2_hour>
     658:	90 e0       	ldi	r25, 0x00	; 0
     65a:	47 96       	adiw	r24, 0x17	; 23
     65c:	b7 01       	movw	r22, r14
     65e:	0e 94 f8 04 	call	0x9f0	; 0x9f0 <__divmodhi4>
     662:	80 93 01 01 	sts	0x0101, r24	; 0x800101 <alarm2_hour>
     666:	09 c0       	rjmp	.+18     	; 0x67a <main+0x1ec>
                else alarm2_min = (alarm2_min + 59) % 60;
     668:	80 91 00 01 	lds	r24, 0x0100	; 0x800100 <__data_start>
     66c:	90 e0       	ldi	r25, 0x00	; 0
     66e:	cb 96       	adiw	r24, 0x3b	; 59
     670:	b8 01       	movw	r22, r16
     672:	0e 94 f8 04 	call	0x9f0	; 0x9f0 <__divmodhi4>
     676:	80 93 00 01 	sts	0x0100, r24	; 0x800100 <__data_start>
            }
        }

        lcd_goto(0, 0);
     67a:	60 e0       	ldi	r22, 0x00	; 0
     67c:	80 e0       	ldi	r24, 0x00	; 0
     67e:	0e 94 0c 02 	call	0x418	; 0x418 <lcd_goto>
        lcd_printf("Time %02d:%02d:%02d  ", hour, min, sec);
     682:	89 81       	ldd	r24, Y+1	; 0x01
     684:	1f 92       	push	r1
     686:	8f 93       	push	r24
     688:	8a 81       	ldd	r24, Y+2	; 0x02
     68a:	1f 92       	push	r1
     68c:	8f 93       	push	r24
     68e:	8b 81       	ldd	r24, Y+3	; 0x03
     690:	1f 92       	push	r1
     692:	8f 93       	push	r24
     694:	3f 92       	push	r3
     696:	2f 92       	push	r2
     698:	0e 94 23 02 	call	0x446	; 0x446 <lcd_printf>
        lcd_goto(1, 0);
     69c:	60 e0       	ldi	r22, 0x00	; 0
     69e:	81 e0       	ldi	r24, 0x01	; 1
     6a0:	0e 94 0c 02 	call	0x418	; 0x418 <lcd_goto>
        if (mode == MODE_NORMAL)
     6a4:	80 91 cd 01 	lds	r24, 0x01CD	; 0x8001cd <mode>
     6a8:	0f b6       	in	r0, 0x3f	; 63
     6aa:	f8 94       	cli
     6ac:	de bf       	out	0x3e, r29	; 62
     6ae:	0f be       	out	0x3f, r0	; 63
     6b0:	cd bf       	out	0x3d, r28	; 61
     6b2:	81 11       	cpse	r24, r1
     6b4:	15 c0       	rjmp	.+42     	; 0x6e0 <main+0x252>
            lcd_printf("A %02d:%02d B %02d:%02d", alarm1_hour, alarm1_min, alarm2_hour, alarm2_min);
     6b6:	80 91 00 01 	lds	r24, 0x0100	; 0x800100 <__data_start>
     6ba:	1f 92       	push	r1
     6bc:	8f 93       	push	r24
     6be:	80 91 01 01 	lds	r24, 0x0101	; 0x800101 <alarm2_hour>
     6c2:	1f 92       	push	r1
     6c4:	8f 93       	push	r24
     6c6:	80 91 ce 01 	lds	r24, 0x01CE	; 0x8001ce <alarm1_min>
     6ca:	1f 92       	push	r1
     6cc:	8f 93       	push	r24
     6ce:	80 91 02 01 	lds	r24, 0x0102	; 0x800102 <alarm1_hour>
     6d2:	1f 92       	push	r1
     6d4:	8f 93       	push	r24
     6d6:	bf 92       	push	r11
     6d8:	af 92       	push	r10
     6da:	0e 94 23 02 	call	0x446	; 0x446 <lcd_printf>
     6de:	31 c0       	rjmp	.+98     	; 0x742 <main+0x2b4>
        else if (mode == MODE_SET_ALARM1)
     6e0:	81 30       	cpi	r24, 0x01	; 1
     6e2:	b1 f4       	brne	.+44     	; 0x710 <main+0x282>
            lcd_printf("Set A %s %02d:%02d", (edit_field == 0) ? "Hr" : "Mn", alarm1_hour, alarm1_min);
     6e4:	30 91 ce 01 	lds	r19, 0x01CE	; 0x8001ce <alarm1_min>
     6e8:	20 91 02 01 	lds	r18, 0x0102	; 0x800102 <alarm1_hour>
     6ec:	80 91 cc 01 	lds	r24, 0x01CC	; 0x8001cc <edit_field>
     6f0:	88 23       	and	r24, r24
     6f2:	19 f0       	breq	.+6      	; 0x6fa <main+0x26c>
     6f4:	86 e0       	ldi	r24, 0x06	; 6
     6f6:	91 e0       	ldi	r25, 0x01	; 1
     6f8:	02 c0       	rjmp	.+4      	; 0x6fe <main+0x270>
     6fa:	83 e0       	ldi	r24, 0x03	; 3
     6fc:	91 e0       	ldi	r25, 0x01	; 1
     6fe:	1f 92       	push	r1
     700:	3f 93       	push	r19
     702:	1f 92       	push	r1
     704:	2f 93       	push	r18
     706:	9f 93       	push	r25
     708:	8f 93       	push	r24
     70a:	7f 92       	push	r7
     70c:	6f 92       	push	r6
     70e:	17 c0       	rjmp	.+46     	; 0x73e <main+0x2b0>
        else if (mode == MODE_SET_ALARM2)
     710:	82 30       	cpi	r24, 0x02	; 2
     712:	e1 f4       	brne	.+56     	; 0x74c <main+0x2be>
            lcd_printf("Set B %s %02d:%02d", (edit_field == 0) ? "Hr" : "Mn", alarm2_hour, alarm2_min);
     714:	30 91 00 01 	lds	r19, 0x0100	; 0x800100 <__data_start>
     718:	20 91 01 01 	lds	r18, 0x0101	; 0x800101 <alarm2_hour>
     71c:	80 91 cc 01 	lds	r24, 0x01CC	; 0x8001cc <edit_field>
     720:	88 23       	and	r24, r24
     722:	19 f0       	breq	.+6      	; 0x72a <main+0x29c>
     724:	86 e0       	ldi	r24, 0x06	; 6
     726:	91 e0       	ldi	r25, 0x01	; 1
     728:	02 c0       	rjmp	.+4      	; 0x72e <main+0x2a0>
     72a:	83 e0       	ldi	r24, 0x03	; 3
     72c:	91 e0       	ldi	r25, 0x01	; 1
     72e:	1f 92       	push	r1
     730:	3f 93       	push	r19
     732:	1f 92       	push	r1
     734:	2f 93       	push	r18
     736:	9f 93       	push	r25
     738:	8f 93       	push	r24
     73a:	5f 92       	push	r5
     73c:	4f 92       	push	r4
     73e:	0e 94 23 02 	call	0x446	; 0x446 <lcd_printf>
     742:	0f b6       	in	r0, 0x3f	; 63
     744:	f8 94       	cli
     746:	de bf       	out	0x3e, r29	; 62
     748:	0f be       	out	0x3f, r0	; 63
     74a:	cd bf       	out	0x3d, r28	; 61

	// -------------------- ALARM check --------------------
	if (mode == MODE_NORMAL) {
     74c:	80 91 cd 01 	lds	r24, 0x01CD	; 0x8001cd <mode>
     750:	81 11       	cpse	r24, r1
     752:	24 c1       	rjmp	.+584    	; 0x99c <__stack+0x9d>
	    // -------- Alarm 1 --------
	    if (hour == alarm1_hour && min == alarm1_min && sec == 0) {
     754:	8b 81       	ldd	r24, Y+3	; 0x03
     756:	90 91 02 01 	lds	r25, 0x0102	; 0x800102 <alarm1_hour>
     75a:	89 13       	cpse	r24, r25
     75c:	bc c0       	rjmp	.+376    	; 0x8d6 <main+0x448>
     75e:	2a 81       	ldd	r18, Y+2	; 0x02
     760:	90 91 ce 01 	lds	r25, 0x01CE	; 0x8001ce <alarm1_min>
     764:	29 13       	cpse	r18, r25
     766:	b7 c0       	rjmp	.+366    	; 0x8d6 <main+0x448>
     768:	99 81       	ldd	r25, Y+1	; 0x01
     76a:	91 11       	cpse	r25, r1
     76c:	b4 c0       	rjmp	.+360    	; 0x8d6 <main+0x448>
		buzzer_on();
     76e:	0e 94 33 01 	call	0x266	; 0x266 <buzzer_on>
		lcd_goto(2, 0);
     772:	60 e0       	ldi	r22, 0x00	; 0
     774:	82 e0       	ldi	r24, 0x02	; 2
     776:	0e 94 0c 02 	call	0x418	; 0x418 <lcd_goto>
		lcd_printf("Alarm1: Waiting");
     77a:	8d e5       	ldi	r24, 0x5D	; 93
     77c:	91 e0       	ldi	r25, 0x01	; 1
     77e:	9f 93       	push	r25
     780:	8f 93       	push	r24
     782:	0e 94 23 02 	call	0x446	; 0x446 <lcd_printf>
     786:	0f 90       	pop	r0
     788:	0f 90       	pop	r0
     78a:	98 e0       	ldi	r25, 0x08	; 8
     78c:	c9 2e       	mov	r12, r25
     78e:	97 e0       	ldi	r25, 0x07	; 7
     790:	d9 2e       	mov	r13, r25
		uint16_t timeout = 0;
		uint8_t hand_detected = 0;

		// Wait 3 minutes for hand detection
		while (timeout < 1800) { // 3 min ≈ 1800 * 100ms
		    distance = ultrasonic_read();
     792:	0e 94 86 01 	call	0x30c	; 0x30c <ultrasonic_read>
		    if (distance > 2 && distance < 15) {
     796:	03 97       	sbiw	r24, 0x03	; 3
     798:	0c 97       	sbiw	r24, 0x0c	; 12
     79a:	d0 f5       	brcc	.+116    	; 0x810 <main+0x382>
    OCR2A = 94;
}

void servo_lower_angle(uint8_t angle) {
    uint32_t pulse = 500 + ((angle * 2000UL) / 180);
    OCR2A = pulse / 16;
     79c:	8c e9       	ldi	r24, 0x9C	; 156
     79e:	80 93 b3 00 	sts	0x00B3, r24	; 0x8000b3 <__DATA_REGION_ORIGIN__+0x53>
     7a2:	9f ef       	ldi	r25, 0xFF	; 255
     7a4:	23 ed       	ldi	r18, 0xD3	; 211
     7a6:	30 e3       	ldi	r19, 0x30	; 48
     7a8:	91 50       	subi	r25, 0x01	; 1
     7aa:	20 40       	sbci	r18, 0x00	; 0
     7ac:	30 40       	sbci	r19, 0x00	; 0
     7ae:	e1 f7       	brne	.-8      	; 0x7a8 <main+0x31a>
     7b0:	00 c0       	rjmp	.+0      	; 0x7b2 <main+0x324>
     7b2:	00 00       	nop
     7b4:	8f e1       	ldi	r24, 0x1F	; 31
     7b6:	80 93 b3 00 	sts	0x00B3, r24	; 0x8000b3 <__DATA_REGION_ORIGIN__+0x53>
     7ba:	4f ef       	ldi	r20, 0xFF	; 255
     7bc:	83 ed       	ldi	r24, 0xD3	; 211
     7be:	90 e3       	ldi	r25, 0x30	; 48
     7c0:	41 50       	subi	r20, 0x01	; 1
     7c2:	80 40       	sbci	r24, 0x00	; 0
     7c4:	90 40       	sbci	r25, 0x00	; 0
     7c6:	e1 f7       	brne	.-8      	; 0x7c0 <main+0x332>
     7c8:	00 c0       	rjmp	.+0      	; 0x7ca <main+0x33c>
     7ca:	00 00       	nop
    TCCR1B = (1 << WGM13) | (1 << WGM12) | (1 << CS11);
}

void servo_upper_angle(uint8_t angle) {
    uint32_t pulse = 500 + ((angle * 1900UL) / 180);
    OCR1B = pulse;
     7cc:	80 e6       	ldi	r24, 0x60	; 96
     7ce:	99 e0       	ldi	r25, 0x09	; 9
     7d0:	90 93 8b 00 	sts	0x008B, r25	; 0x80008b <__DATA_REGION_ORIGIN__+0x2b>
     7d4:	80 93 8a 00 	sts	0x008A, r24	; 0x80008a <__DATA_REGION_ORIGIN__+0x2a>
     7d8:	2f ef       	ldi	r18, 0xFF	; 255
     7da:	33 ed       	ldi	r19, 0xD3	; 211
     7dc:	40 e3       	ldi	r20, 0x30	; 48
     7de:	21 50       	subi	r18, 0x01	; 1
     7e0:	30 40       	sbci	r19, 0x00	; 0
     7e2:	40 40       	sbci	r20, 0x00	; 0
     7e4:	e1 f7       	brne	.-8      	; 0x7de <main+0x350>
     7e6:	00 c0       	rjmp	.+0      	; 0x7e8 <main+0x35a>
     7e8:	00 00       	nop
     7ea:	84 ef       	ldi	r24, 0xF4	; 244
     7ec:	91 e0       	ldi	r25, 0x01	; 1
     7ee:	90 93 8b 00 	sts	0x008B, r25	; 0x80008b <__DATA_REGION_ORIGIN__+0x2b>
     7f2:	80 93 8a 00 	sts	0x008A, r24	; 0x80008a <__DATA_REGION_ORIGIN__+0x2a>
		        servo_lower_angle(0);
		        _delay_ms(2000);
		        servo_upper_angle(180);
		        _delay_ms(2000);
		        servo_upper_angle(0);
		        lcd_goto(2, 0);
     7f6:	60 e0       	ldi	r22, 0x00	; 0
     7f8:	82 e0       	ldi	r24, 0x02	; 2
     7fa:	0e 94 0c 02 	call	0x418	; 0x418 <lcd_goto>
		        lcd_printf("Hand Detected");
     7fe:	8d e6       	ldi	r24, 0x6D	; 109
     800:	91 e0       	ldi	r25, 0x01	; 1
     802:	9f 93       	push	r25
     804:	8f 93       	push	r24
     806:	0e 94 23 02 	call	0x446	; 0x446 <lcd_printf>
     80a:	0f 90       	pop	r0
     80c:	0f 90       	pop	r0
     80e:	60 c0       	rjmp	.+192    	; 0x8d0 <main+0x442>
     810:	8f ef       	ldi	r24, 0xFF	; 255
     812:	90 e7       	ldi	r25, 0x70	; 112
     814:	22 e0       	ldi	r18, 0x02	; 2
     816:	81 50       	subi	r24, 0x01	; 1
     818:	90 40       	sbci	r25, 0x00	; 0
     81a:	20 40       	sbci	r18, 0x00	; 0
     81c:	e1 f7       	brne	.-8      	; 0x816 <main+0x388>
     81e:	00 c0       	rjmp	.+0      	; 0x820 <main+0x392>
     820:	00 00       	nop
     822:	31 e0       	ldi	r19, 0x01	; 1
     824:	c3 1a       	sub	r12, r19
     826:	d1 08       	sbc	r13, r1
		uint16_t distance;
		uint16_t timeout = 0;
		uint8_t hand_detected = 0;

		// Wait 3 minutes for hand detection
		while (timeout < 1800) { // 3 min ≈ 1800 * 100ms
     828:	09 f0       	breq	.+2      	; 0x82c <main+0x39e>
     82a:	b3 cf       	rjmp	.-154    	; 0x792 <main+0x304>
		    _delay_ms(100);
		    timeout++;
		}

		if (!hand_detected) {
		    lcd_goto(2, 0);
     82c:	60 e0       	ldi	r22, 0x00	; 0
     82e:	82 e0       	ldi	r24, 0x02	; 2
     830:	0e 94 0c 02 	call	0x418	; 0x418 <lcd_goto>
		    lcd_printf("No Hand Action");
     834:	8b ea       	ldi	r24, 0xAB	; 171
     836:	91 e0       	ldi	r25, 0x01	; 1
     838:	9f 93       	push	r25
     83a:	8f 93       	push	r24
     83c:	0e 94 23 02 	call	0x446	; 0x446 <lcd_printf>
    OCR2A = 94;
}

void servo_lower_angle(uint8_t angle) {
    uint32_t pulse = 500 + ((angle * 2000UL) / 180);
    OCR2A = pulse / 16;
     840:	8c e9       	ldi	r24, 0x9C	; 156
     842:	80 93 b3 00 	sts	0x00B3, r24	; 0x8000b3 <__DATA_REGION_ORIGIN__+0x53>
     846:	2f ef       	ldi	r18, 0xFF	; 255
     848:	33 ed       	ldi	r19, 0xD3	; 211
     84a:	40 e3       	ldi	r20, 0x30	; 48
     84c:	21 50       	subi	r18, 0x01	; 1
     84e:	30 40       	sbci	r19, 0x00	; 0
     850:	40 40       	sbci	r20, 0x00	; 0
     852:	e1 f7       	brne	.-8      	; 0x84c <main+0x3be>
     854:	00 c0       	rjmp	.+0      	; 0x856 <main+0x3c8>
     856:	00 00       	nop
     858:	8f e1       	ldi	r24, 0x1F	; 31
     85a:	80 93 b3 00 	sts	0x00B3, r24	; 0x8000b3 <__DATA_REGION_ORIGIN__+0x53>
     85e:	8f ef       	ldi	r24, 0xFF	; 255
     860:	93 ed       	ldi	r25, 0xD3	; 211
     862:	20 e3       	ldi	r18, 0x30	; 48
     864:	81 50       	subi	r24, 0x01	; 1
     866:	90 40       	sbci	r25, 0x00	; 0
     868:	20 40       	sbci	r18, 0x00	; 0
     86a:	e1 f7       	brne	.-8      	; 0x864 <main+0x3d6>
     86c:	00 c0       	rjmp	.+0      	; 0x86e <main+0x3e0>
     86e:	00 00       	nop
		    servo_lower_angle(0);
		    _delay_ms(2000);

		    // Wait 10 minutes
		    timeout = 0;
		    lcd_goto(2, 0);
     870:	60 e0       	ldi	r22, 0x00	; 0
     872:	82 e0       	ldi	r24, 0x02	; 2
     874:	0e 94 0c 02 	call	0x418	; 0x418 <lcd_goto>
		    lcd_printf("Wait 10min...");
     878:	8a eb       	ldi	r24, 0xBA	; 186
     87a:	91 e0       	ldi	r25, 0x01	; 1
     87c:	9f 93       	push	r25
     87e:	8f 93       	push	r24
     880:	0e 94 23 02 	call	0x446	; 0x446 <lcd_printf>
     884:	0f 90       	pop	r0
     886:	0f 90       	pop	r0
     888:	0f 90       	pop	r0
     88a:	0f 90       	pop	r0
     88c:	80 e7       	ldi	r24, 0x70	; 112
     88e:	97 e1       	ldi	r25, 0x17	; 23
     890:	4f ef       	ldi	r20, 0xFF	; 255
     892:	20 e7       	ldi	r18, 0x70	; 112
     894:	32 e0       	ldi	r19, 0x02	; 2
     896:	41 50       	subi	r20, 0x01	; 1
     898:	20 40       	sbci	r18, 0x00	; 0
     89a:	30 40       	sbci	r19, 0x00	; 0
     89c:	e1 f7       	brne	.-8      	; 0x896 <main+0x408>
     89e:	00 c0       	rjmp	.+0      	; 0x8a0 <main+0x412>
     8a0:	00 00       	nop
     8a2:	01 97       	sbiw	r24, 0x01	; 1
		    while (timeout < 6000) { // 10 min
     8a4:	a9 f7       	brne	.-22     	; 0x890 <main+0x402>
    TCCR1B = (1 << WGM13) | (1 << WGM12) | (1 << CS11);
}

void servo_upper_angle(uint8_t angle) {
    uint32_t pulse = 500 + ((angle * 1900UL) / 180);
    OCR1B = pulse;
     8a6:	80 e6       	ldi	r24, 0x60	; 96
     8a8:	99 e0       	ldi	r25, 0x09	; 9
     8aa:	90 93 8b 00 	sts	0x008B, r25	; 0x80008b <__DATA_REGION_ORIGIN__+0x2b>
     8ae:	80 93 8a 00 	sts	0x008A, r24	; 0x80008a <__DATA_REGION_ORIGIN__+0x2a>
     8b2:	4f ef       	ldi	r20, 0xFF	; 255
     8b4:	83 ed       	ldi	r24, 0xD3	; 211
     8b6:	90 e3       	ldi	r25, 0x30	; 48
     8b8:	41 50       	subi	r20, 0x01	; 1
     8ba:	80 40       	sbci	r24, 0x00	; 0
     8bc:	90 40       	sbci	r25, 0x00	; 0
     8be:	e1 f7       	brne	.-8      	; 0x8b8 <main+0x42a>
     8c0:	00 c0       	rjmp	.+0      	; 0x8c2 <main+0x434>
     8c2:	00 00       	nop
     8c4:	84 ef       	ldi	r24, 0xF4	; 244
     8c6:	91 e0       	ldi	r25, 0x01	; 1
     8c8:	90 93 8b 00 	sts	0x008B, r25	; 0x80008b <__DATA_REGION_ORIGIN__+0x2b>
     8cc:	80 93 8a 00 	sts	0x008A, r24	; 0x80008a <__DATA_REGION_ORIGIN__+0x2a>
		    servo_upper_angle(180);
		    _delay_ms(2000);
		    servo_upper_angle(0);
		}

		buzzer_off();
     8d0:	0e 94 35 01 	call	0x26a	; 0x26a <buzzer_off>
     8d4:	57 c0       	rjmp	.+174    	; 0x984 <__stack+0x85>
		lcd_goto(2, 0);
		lcd_printf("                ");
	    }

	    // -------- Alarm 2 --------
	    else if (hour == alarm2_hour && min == alarm2_min && sec == 0) {
     8d6:	90 91 01 01 	lds	r25, 0x0101	; 0x800101 <alarm2_hour>
     8da:	89 13       	cpse	r24, r25
     8dc:	5f c0       	rjmp	.+190    	; 0x99c <__stack+0x9d>
     8de:	9a 81       	ldd	r25, Y+2	; 0x02
     8e0:	80 91 00 01 	lds	r24, 0x0100	; 0x800100 <__data_start>
     8e4:	98 13       	cpse	r25, r24
     8e6:	5a c0       	rjmp	.+180    	; 0x99c <__stack+0x9d>
     8e8:	89 81       	ldd	r24, Y+1	; 0x01
     8ea:	81 11       	cpse	r24, r1
     8ec:	57 c0       	rjmp	.+174    	; 0x99c <__stack+0x9d>
		buzzer_on();
     8ee:	0e 94 33 01 	call	0x266	; 0x266 <buzzer_on>
		lcd_goto(2, 0);
     8f2:	60 e0       	ldi	r22, 0x00	; 0
     8f4:	82 e0       	ldi	r24, 0x02	; 2
     8f6:	0e 94 0c 02 	call	0x418	; 0x418 <lcd_goto>
		lcd_printf("Alarm2: Waiting");
     8fa:	9f 92       	push	r9
     8fc:	8f 92       	push	r8
     8fe:	0e 94 23 02 	call	0x446	; 0x446 <lcd_printf>
     902:	0f 90       	pop	r0
     904:	0f 90       	pop	r0
     906:	88 e0       	ldi	r24, 0x08	; 8
     908:	c8 2e       	mov	r12, r24
     90a:	87 e0       	ldi	r24, 0x07	; 7
     90c:	d8 2e       	mov	r13, r24
		uint16_t timeout = 0;
		uint8_t hand_detected = 0;

		// Wait 3 minutes
		while (timeout < 1800) {
		    distance = ultrasonic_read();
     90e:	0e 94 86 01 	call	0x30c	; 0x30c <ultrasonic_read>
		    if (distance > 2 && distance < 15) {
     912:	03 97       	sbiw	r24, 0x03	; 3
     914:	0c 97       	sbiw	r24, 0x0c	; 12
     916:	78 f4       	brcc	.+30     	; 0x936 <__stack+0x37>
		        hand_detected = 1;
		        lcd_goto(2, 0);
     918:	60 e0       	ldi	r22, 0x00	; 0
     91a:	82 e0       	ldi	r24, 0x02	; 2
     91c:	0e 94 0c 02 	call	0x418	; 0x418 <lcd_goto>
		        lcd_printf("Hand Detected");
     920:	8d e6       	ldi	r24, 0x6D	; 109
     922:	91 e0       	ldi	r25, 0x01	; 1
     924:	9f 93       	push	r25
     926:	8f 93       	push	r24
     928:	0e 94 23 02 	call	0x446	; 0x446 <lcd_printf>
		        break;
     92c:	0f 90       	pop	r0
     92e:	0f 90       	pop	r0

		// Wait 3 minutes
		while (timeout < 1800) {
		    distance = ultrasonic_read();
		    if (distance > 2 && distance < 15) {
		        hand_detected = 1;
     930:	dd 24       	eor	r13, r13
     932:	d3 94       	inc	r13
		        lcd_goto(2, 0);
		        lcd_printf("Hand Detected");
		        break;
     934:	0e c0       	rjmp	.+28     	; 0x952 <__stack+0x53>
     936:	2f ef       	ldi	r18, 0xFF	; 255
     938:	30 e7       	ldi	r19, 0x70	; 112
     93a:	42 e0       	ldi	r20, 0x02	; 2
     93c:	21 50       	subi	r18, 0x01	; 1
     93e:	30 40       	sbci	r19, 0x00	; 0
     940:	40 40       	sbci	r20, 0x00	; 0
     942:	e1 f7       	brne	.-8      	; 0x93c <__stack+0x3d>
     944:	00 c0       	rjmp	.+0      	; 0x946 <__stack+0x47>
     946:	00 00       	nop
     948:	81 e0       	ldi	r24, 0x01	; 1
     94a:	c8 1a       	sub	r12, r24
     94c:	d1 08       	sbc	r13, r1
		uint16_t distance;
		uint16_t timeout = 0;
		uint8_t hand_detected = 0;

		// Wait 3 minutes
		while (timeout < 1800) {
     94e:	f9 f6       	brne	.-66     	; 0x90e <__stack+0xf>
		lcd_goto(2, 0);
		lcd_printf("Alarm2: Waiting");

		uint16_t distance;
		uint16_t timeout = 0;
		uint8_t hand_detected = 0;
     950:	d1 2c       	mov	r13, r1
		    _delay_ms(100);
		    timeout++;
		}

		// If no hand → just stop buzzer
		buzzer_off();
     952:	0e 94 35 01 	call	0x26a	; 0x26a <buzzer_off>
		if (!hand_detected) {
     956:	d1 10       	cpse	r13, r1
     958:	0c c0       	rjmp	.+24     	; 0x972 <__stack+0x73>
		    lcd_goto(2, 0);
     95a:	60 e0       	ldi	r22, 0x00	; 0
     95c:	82 e0       	ldi	r24, 0x02	; 2
     95e:	0e 94 0c 02 	call	0x418	; 0x418 <lcd_goto>
		    lcd_printf("No Hand -> Off");
     962:	8c e9       	ldi	r24, 0x9C	; 156
     964:	91 e0       	ldi	r25, 0x01	; 1
     966:	9f 93       	push	r25
     968:	8f 93       	push	r24
     96a:	0e 94 23 02 	call	0x446	; 0x446 <lcd_printf>
     96e:	0f 90       	pop	r0
     970:	0f 90       	pop	r0
     972:	9f ef       	ldi	r25, 0xFF	; 255
     974:	23 ed       	ldi	r18, 0xD3	; 211
     976:	30 e3       	ldi	r19, 0x30	; 48
     978:	91 50       	subi	r25, 0x01	; 1
     97a:	20 40       	sbci	r18, 0x00	; 0
     97c:	30 40       	sbci	r19, 0x00	; 0
     97e:	e1 f7       	brne	.-8      	; 0x978 <__stack+0x79>
     980:	00 c0       	rjmp	.+0      	; 0x982 <__stack+0x83>
     982:	00 00       	nop
		}
		_delay_ms(2000);
		lcd_goto(2, 0);
     984:	60 e0       	ldi	r22, 0x00	; 0
     986:	82 e0       	ldi	r24, 0x02	; 2
     988:	0e 94 0c 02 	call	0x418	; 0x418 <lcd_goto>
		lcd_printf("                ");
     98c:	8b e7       	ldi	r24, 0x7B	; 123
     98e:	91 e0       	ldi	r25, 0x01	; 1
     990:	9f 93       	push	r25
     992:	8f 93       	push	r24
     994:	0e 94 23 02 	call	0x446	; 0x446 <lcd_printf>
     998:	0f 90       	pop	r0
     99a:	0f 90       	pop	r0
     99c:	4f ef       	ldi	r20, 0xFF	; 255
     99e:	80 e7       	ldi	r24, 0x70	; 112
     9a0:	92 e0       	ldi	r25, 0x02	; 2
     9a2:	41 50       	subi	r20, 0x01	; 1
     9a4:	80 40       	sbci	r24, 0x00	; 0
     9a6:	90 40       	sbci	r25, 0x00	; 0
     9a8:	e1 f7       	brne	.-8      	; 0x9a2 <__stack+0xa3>
     9aa:	00 c0       	rjmp	.+0      	; 0x9ac <__stack+0xad>
     9ac:	00 00       	nop
     9ae:	aa cd       	rjmp	.-1196   	; 0x504 <main+0x76>

000009b0 <__udivmodqi4>:
     9b0:	99 1b       	sub	r25, r25
     9b2:	79 e0       	ldi	r23, 0x09	; 9
     9b4:	04 c0       	rjmp	.+8      	; 0x9be <__udivmodqi4_ep>

000009b6 <__udivmodqi4_loop>:
     9b6:	99 1f       	adc	r25, r25
     9b8:	96 17       	cp	r25, r22
     9ba:	08 f0       	brcs	.+2      	; 0x9be <__udivmodqi4_ep>
     9bc:	96 1b       	sub	r25, r22

000009be <__udivmodqi4_ep>:
     9be:	88 1f       	adc	r24, r24
     9c0:	7a 95       	dec	r23
     9c2:	c9 f7       	brne	.-14     	; 0x9b6 <__udivmodqi4_loop>
     9c4:	80 95       	com	r24
     9c6:	08 95       	ret

000009c8 <__udivmodhi4>:
     9c8:	aa 1b       	sub	r26, r26
     9ca:	bb 1b       	sub	r27, r27
     9cc:	51 e1       	ldi	r21, 0x11	; 17
     9ce:	07 c0       	rjmp	.+14     	; 0x9de <__udivmodhi4_ep>

000009d0 <__udivmodhi4_loop>:
     9d0:	aa 1f       	adc	r26, r26
     9d2:	bb 1f       	adc	r27, r27
     9d4:	a6 17       	cp	r26, r22
     9d6:	b7 07       	cpc	r27, r23
     9d8:	10 f0       	brcs	.+4      	; 0x9de <__udivmodhi4_ep>
     9da:	a6 1b       	sub	r26, r22
     9dc:	b7 0b       	sbc	r27, r23

000009de <__udivmodhi4_ep>:
     9de:	88 1f       	adc	r24, r24
     9e0:	99 1f       	adc	r25, r25
     9e2:	5a 95       	dec	r21
     9e4:	a9 f7       	brne	.-22     	; 0x9d0 <__udivmodhi4_loop>
     9e6:	80 95       	com	r24
     9e8:	90 95       	com	r25
     9ea:	bc 01       	movw	r22, r24
     9ec:	cd 01       	movw	r24, r26
     9ee:	08 95       	ret

000009f0 <__divmodhi4>:
     9f0:	97 fb       	bst	r25, 7
     9f2:	07 2e       	mov	r0, r23
     9f4:	16 f4       	brtc	.+4      	; 0x9fa <__divmodhi4+0xa>
     9f6:	00 94       	com	r0
     9f8:	07 d0       	rcall	.+14     	; 0xa08 <__divmodhi4_neg1>
     9fa:	77 fd       	sbrc	r23, 7
     9fc:	09 d0       	rcall	.+18     	; 0xa10 <__divmodhi4_neg2>
     9fe:	0e 94 e4 04 	call	0x9c8	; 0x9c8 <__udivmodhi4>
     a02:	07 fc       	sbrc	r0, 7
     a04:	05 d0       	rcall	.+10     	; 0xa10 <__divmodhi4_neg2>
     a06:	3e f4       	brtc	.+14     	; 0xa16 <__divmodhi4_exit>

00000a08 <__divmodhi4_neg1>:
     a08:	90 95       	com	r25
     a0a:	81 95       	neg	r24
     a0c:	9f 4f       	sbci	r25, 0xFF	; 255
     a0e:	08 95       	ret

00000a10 <__divmodhi4_neg2>:
     a10:	70 95       	com	r23
     a12:	61 95       	neg	r22
     a14:	7f 4f       	sbci	r23, 0xFF	; 255

00000a16 <__divmodhi4_exit>:
     a16:	08 95       	ret

00000a18 <__udivmodsi4>:
     a18:	a1 e2       	ldi	r26, 0x21	; 33
     a1a:	1a 2e       	mov	r1, r26
     a1c:	aa 1b       	sub	r26, r26
     a1e:	bb 1b       	sub	r27, r27
     a20:	fd 01       	movw	r30, r26
     a22:	0d c0       	rjmp	.+26     	; 0xa3e <__udivmodsi4_ep>

00000a24 <__udivmodsi4_loop>:
     a24:	aa 1f       	adc	r26, r26
     a26:	bb 1f       	adc	r27, r27
     a28:	ee 1f       	adc	r30, r30
     a2a:	ff 1f       	adc	r31, r31
     a2c:	a2 17       	cp	r26, r18
     a2e:	b3 07       	cpc	r27, r19
     a30:	e4 07       	cpc	r30, r20
     a32:	f5 07       	cpc	r31, r21
     a34:	20 f0       	brcs	.+8      	; 0xa3e <__udivmodsi4_ep>
     a36:	a2 1b       	sub	r26, r18
     a38:	b3 0b       	sbc	r27, r19
     a3a:	e4 0b       	sbc	r30, r20
     a3c:	f5 0b       	sbc	r31, r21

00000a3e <__udivmodsi4_ep>:
     a3e:	66 1f       	adc	r22, r22
     a40:	77 1f       	adc	r23, r23
     a42:	88 1f       	adc	r24, r24
     a44:	99 1f       	adc	r25, r25
     a46:	1a 94       	dec	r1
     a48:	69 f7       	brne	.-38     	; 0xa24 <__udivmodsi4_loop>
     a4a:	60 95       	com	r22
     a4c:	70 95       	com	r23
     a4e:	80 95       	com	r24
     a50:	90 95       	com	r25
     a52:	9b 01       	movw	r18, r22
     a54:	ac 01       	movw	r20, r24
     a56:	bd 01       	movw	r22, r26
     a58:	cf 01       	movw	r24, r30
     a5a:	08 95       	ret

00000a5c <__umulhisi3>:
     a5c:	a2 9f       	mul	r26, r18
     a5e:	b0 01       	movw	r22, r0
     a60:	b3 9f       	mul	r27, r19
     a62:	c0 01       	movw	r24, r0
     a64:	a3 9f       	mul	r26, r19
     a66:	70 0d       	add	r23, r0
     a68:	81 1d       	adc	r24, r1
     a6a:	11 24       	eor	r1, r1
     a6c:	91 1d       	adc	r25, r1
     a6e:	b2 9f       	mul	r27, r18
     a70:	70 0d       	add	r23, r0
     a72:	81 1d       	adc	r24, r1
     a74:	11 24       	eor	r1, r1
     a76:	91 1d       	adc	r25, r1
     a78:	08 95       	ret

00000a7a <vsnprintf>:
     a7a:	ae e0       	ldi	r26, 0x0E	; 14
     a7c:	b0 e0       	ldi	r27, 0x00	; 0
     a7e:	e3 e4       	ldi	r30, 0x43	; 67
     a80:	f5 e0       	ldi	r31, 0x05	; 5
     a82:	0c 94 08 08 	jmp	0x1010	; 0x1010 <__prologue_saves__+0x1c>
     a86:	8c 01       	movw	r16, r24
     a88:	fa 01       	movw	r30, r20
     a8a:	86 e0       	ldi	r24, 0x06	; 6
     a8c:	8c 83       	std	Y+4, r24	; 0x04
     a8e:	1a 83       	std	Y+2, r17	; 0x02
     a90:	09 83       	std	Y+1, r16	; 0x01
     a92:	77 ff       	sbrs	r23, 7
     a94:	02 c0       	rjmp	.+4      	; 0xa9a <vsnprintf+0x20>
     a96:	60 e0       	ldi	r22, 0x00	; 0
     a98:	70 e8       	ldi	r23, 0x80	; 128
     a9a:	cb 01       	movw	r24, r22
     a9c:	01 97       	sbiw	r24, 0x01	; 1
     a9e:	9e 83       	std	Y+6, r25	; 0x06
     aa0:	8d 83       	std	Y+5, r24	; 0x05
     aa2:	a9 01       	movw	r20, r18
     aa4:	bf 01       	movw	r22, r30
     aa6:	ce 01       	movw	r24, r28
     aa8:	01 96       	adiw	r24, 0x01	; 1
     aaa:	0e 94 69 05 	call	0xad2	; 0xad2 <vfprintf>
     aae:	4d 81       	ldd	r20, Y+5	; 0x05
     ab0:	5e 81       	ldd	r21, Y+6	; 0x06
     ab2:	57 fd       	sbrc	r21, 7
     ab4:	0a c0       	rjmp	.+20     	; 0xaca <vsnprintf+0x50>
     ab6:	2f 81       	ldd	r18, Y+7	; 0x07
     ab8:	38 85       	ldd	r19, Y+8	; 0x08
     aba:	42 17       	cp	r20, r18
     abc:	53 07       	cpc	r21, r19
     abe:	0c f4       	brge	.+2      	; 0xac2 <vsnprintf+0x48>
     ac0:	9a 01       	movw	r18, r20
     ac2:	f8 01       	movw	r30, r16
     ac4:	e2 0f       	add	r30, r18
     ac6:	f3 1f       	adc	r31, r19
     ac8:	10 82       	st	Z, r1
     aca:	2e 96       	adiw	r28, 0x0e	; 14
     acc:	e4 e0       	ldi	r30, 0x04	; 4
     ace:	0c 94 24 08 	jmp	0x1048	; 0x1048 <__epilogue_restores__+0x1c>

00000ad2 <vfprintf>:
     ad2:	ab e0       	ldi	r26, 0x0B	; 11
     ad4:	b0 e0       	ldi	r27, 0x00	; 0
     ad6:	ef e6       	ldi	r30, 0x6F	; 111
     ad8:	f5 e0       	ldi	r31, 0x05	; 5
     ada:	0c 94 fa 07 	jmp	0xff4	; 0xff4 <__prologue_saves__>
     ade:	6c 01       	movw	r12, r24
     ae0:	7b 01       	movw	r14, r22
     ae2:	8a 01       	movw	r16, r20
     ae4:	fc 01       	movw	r30, r24
     ae6:	17 82       	std	Z+7, r1	; 0x07
     ae8:	16 82       	std	Z+6, r1	; 0x06
     aea:	83 81       	ldd	r24, Z+3	; 0x03
     aec:	81 ff       	sbrs	r24, 1
     aee:	cc c1       	rjmp	.+920    	; 0xe88 <vfprintf+0x3b6>
     af0:	ce 01       	movw	r24, r28
     af2:	01 96       	adiw	r24, 0x01	; 1
     af4:	3c 01       	movw	r6, r24
     af6:	f6 01       	movw	r30, r12
     af8:	93 81       	ldd	r25, Z+3	; 0x03
     afa:	f7 01       	movw	r30, r14
     afc:	93 fd       	sbrc	r25, 3
     afe:	85 91       	lpm	r24, Z+
     b00:	93 ff       	sbrs	r25, 3
     b02:	81 91       	ld	r24, Z+
     b04:	7f 01       	movw	r14, r30
     b06:	88 23       	and	r24, r24
     b08:	09 f4       	brne	.+2      	; 0xb0c <vfprintf+0x3a>
     b0a:	ba c1       	rjmp	.+884    	; 0xe80 <vfprintf+0x3ae>
     b0c:	85 32       	cpi	r24, 0x25	; 37
     b0e:	39 f4       	brne	.+14     	; 0xb1e <vfprintf+0x4c>
     b10:	93 fd       	sbrc	r25, 3
     b12:	85 91       	lpm	r24, Z+
     b14:	93 ff       	sbrs	r25, 3
     b16:	81 91       	ld	r24, Z+
     b18:	7f 01       	movw	r14, r30
     b1a:	85 32       	cpi	r24, 0x25	; 37
     b1c:	29 f4       	brne	.+10     	; 0xb28 <vfprintf+0x56>
     b1e:	b6 01       	movw	r22, r12
     b20:	90 e0       	ldi	r25, 0x00	; 0
     b22:	0e 94 60 07 	call	0xec0	; 0xec0 <fputc>
     b26:	e7 cf       	rjmp	.-50     	; 0xaf6 <vfprintf+0x24>
     b28:	91 2c       	mov	r9, r1
     b2a:	21 2c       	mov	r2, r1
     b2c:	31 2c       	mov	r3, r1
     b2e:	ff e1       	ldi	r31, 0x1F	; 31
     b30:	f3 15       	cp	r31, r3
     b32:	d8 f0       	brcs	.+54     	; 0xb6a <vfprintf+0x98>
     b34:	8b 32       	cpi	r24, 0x2B	; 43
     b36:	79 f0       	breq	.+30     	; 0xb56 <vfprintf+0x84>
     b38:	38 f4       	brcc	.+14     	; 0xb48 <vfprintf+0x76>
     b3a:	80 32       	cpi	r24, 0x20	; 32
     b3c:	79 f0       	breq	.+30     	; 0xb5c <vfprintf+0x8a>
     b3e:	83 32       	cpi	r24, 0x23	; 35
     b40:	a1 f4       	brne	.+40     	; 0xb6a <vfprintf+0x98>
     b42:	23 2d       	mov	r18, r3
     b44:	20 61       	ori	r18, 0x10	; 16
     b46:	1d c0       	rjmp	.+58     	; 0xb82 <vfprintf+0xb0>
     b48:	8d 32       	cpi	r24, 0x2D	; 45
     b4a:	61 f0       	breq	.+24     	; 0xb64 <vfprintf+0x92>
     b4c:	80 33       	cpi	r24, 0x30	; 48
     b4e:	69 f4       	brne	.+26     	; 0xb6a <vfprintf+0x98>
     b50:	23 2d       	mov	r18, r3
     b52:	21 60       	ori	r18, 0x01	; 1
     b54:	16 c0       	rjmp	.+44     	; 0xb82 <vfprintf+0xb0>
     b56:	83 2d       	mov	r24, r3
     b58:	82 60       	ori	r24, 0x02	; 2
     b5a:	38 2e       	mov	r3, r24
     b5c:	e3 2d       	mov	r30, r3
     b5e:	e4 60       	ori	r30, 0x04	; 4
     b60:	3e 2e       	mov	r3, r30
     b62:	2a c0       	rjmp	.+84     	; 0xbb8 <vfprintf+0xe6>
     b64:	f3 2d       	mov	r31, r3
     b66:	f8 60       	ori	r31, 0x08	; 8
     b68:	1d c0       	rjmp	.+58     	; 0xba4 <vfprintf+0xd2>
     b6a:	37 fc       	sbrc	r3, 7
     b6c:	2d c0       	rjmp	.+90     	; 0xbc8 <vfprintf+0xf6>
     b6e:	20 ed       	ldi	r18, 0xD0	; 208
     b70:	28 0f       	add	r18, r24
     b72:	2a 30       	cpi	r18, 0x0A	; 10
     b74:	40 f0       	brcs	.+16     	; 0xb86 <vfprintf+0xb4>
     b76:	8e 32       	cpi	r24, 0x2E	; 46
     b78:	b9 f4       	brne	.+46     	; 0xba8 <vfprintf+0xd6>
     b7a:	36 fc       	sbrc	r3, 6
     b7c:	81 c1       	rjmp	.+770    	; 0xe80 <vfprintf+0x3ae>
     b7e:	23 2d       	mov	r18, r3
     b80:	20 64       	ori	r18, 0x40	; 64
     b82:	32 2e       	mov	r3, r18
     b84:	19 c0       	rjmp	.+50     	; 0xbb8 <vfprintf+0xe6>
     b86:	36 fe       	sbrs	r3, 6
     b88:	06 c0       	rjmp	.+12     	; 0xb96 <vfprintf+0xc4>
     b8a:	8a e0       	ldi	r24, 0x0A	; 10
     b8c:	98 9e       	mul	r9, r24
     b8e:	20 0d       	add	r18, r0
     b90:	11 24       	eor	r1, r1
     b92:	92 2e       	mov	r9, r18
     b94:	11 c0       	rjmp	.+34     	; 0xbb8 <vfprintf+0xe6>
     b96:	ea e0       	ldi	r30, 0x0A	; 10
     b98:	2e 9e       	mul	r2, r30
     b9a:	20 0d       	add	r18, r0
     b9c:	11 24       	eor	r1, r1
     b9e:	22 2e       	mov	r2, r18
     ba0:	f3 2d       	mov	r31, r3
     ba2:	f0 62       	ori	r31, 0x20	; 32
     ba4:	3f 2e       	mov	r3, r31
     ba6:	08 c0       	rjmp	.+16     	; 0xbb8 <vfprintf+0xe6>
     ba8:	8c 36       	cpi	r24, 0x6C	; 108
     baa:	21 f4       	brne	.+8      	; 0xbb4 <vfprintf+0xe2>
     bac:	83 2d       	mov	r24, r3
     bae:	80 68       	ori	r24, 0x80	; 128
     bb0:	38 2e       	mov	r3, r24
     bb2:	02 c0       	rjmp	.+4      	; 0xbb8 <vfprintf+0xe6>
     bb4:	88 36       	cpi	r24, 0x68	; 104
     bb6:	41 f4       	brne	.+16     	; 0xbc8 <vfprintf+0xf6>
     bb8:	f7 01       	movw	r30, r14
     bba:	93 fd       	sbrc	r25, 3
     bbc:	85 91       	lpm	r24, Z+
     bbe:	93 ff       	sbrs	r25, 3
     bc0:	81 91       	ld	r24, Z+
     bc2:	7f 01       	movw	r14, r30
     bc4:	81 11       	cpse	r24, r1
     bc6:	b3 cf       	rjmp	.-154    	; 0xb2e <vfprintf+0x5c>
     bc8:	98 2f       	mov	r25, r24
     bca:	9f 7d       	andi	r25, 0xDF	; 223
     bcc:	95 54       	subi	r25, 0x45	; 69
     bce:	93 30       	cpi	r25, 0x03	; 3
     bd0:	28 f4       	brcc	.+10     	; 0xbdc <vfprintf+0x10a>
     bd2:	0c 5f       	subi	r16, 0xFC	; 252
     bd4:	1f 4f       	sbci	r17, 0xFF	; 255
     bd6:	9f e3       	ldi	r25, 0x3F	; 63
     bd8:	99 83       	std	Y+1, r25	; 0x01
     bda:	0d c0       	rjmp	.+26     	; 0xbf6 <vfprintf+0x124>
     bdc:	83 36       	cpi	r24, 0x63	; 99
     bde:	31 f0       	breq	.+12     	; 0xbec <vfprintf+0x11a>
     be0:	83 37       	cpi	r24, 0x73	; 115
     be2:	71 f0       	breq	.+28     	; 0xc00 <vfprintf+0x12e>
     be4:	83 35       	cpi	r24, 0x53	; 83
     be6:	09 f0       	breq	.+2      	; 0xbea <vfprintf+0x118>
     be8:	59 c0       	rjmp	.+178    	; 0xc9c <vfprintf+0x1ca>
     bea:	21 c0       	rjmp	.+66     	; 0xc2e <vfprintf+0x15c>
     bec:	f8 01       	movw	r30, r16
     bee:	80 81       	ld	r24, Z
     bf0:	89 83       	std	Y+1, r24	; 0x01
     bf2:	0e 5f       	subi	r16, 0xFE	; 254
     bf4:	1f 4f       	sbci	r17, 0xFF	; 255
     bf6:	88 24       	eor	r8, r8
     bf8:	83 94       	inc	r8
     bfa:	91 2c       	mov	r9, r1
     bfc:	53 01       	movw	r10, r6
     bfe:	13 c0       	rjmp	.+38     	; 0xc26 <vfprintf+0x154>
     c00:	28 01       	movw	r4, r16
     c02:	f2 e0       	ldi	r31, 0x02	; 2
     c04:	4f 0e       	add	r4, r31
     c06:	51 1c       	adc	r5, r1
     c08:	f8 01       	movw	r30, r16
     c0a:	a0 80       	ld	r10, Z
     c0c:	b1 80       	ldd	r11, Z+1	; 0x01
     c0e:	36 fe       	sbrs	r3, 6
     c10:	03 c0       	rjmp	.+6      	; 0xc18 <vfprintf+0x146>
     c12:	69 2d       	mov	r22, r9
     c14:	70 e0       	ldi	r23, 0x00	; 0
     c16:	02 c0       	rjmp	.+4      	; 0xc1c <vfprintf+0x14a>
     c18:	6f ef       	ldi	r22, 0xFF	; 255
     c1a:	7f ef       	ldi	r23, 0xFF	; 255
     c1c:	c5 01       	movw	r24, r10
     c1e:	0e 94 55 07 	call	0xeaa	; 0xeaa <strnlen>
     c22:	4c 01       	movw	r8, r24
     c24:	82 01       	movw	r16, r4
     c26:	f3 2d       	mov	r31, r3
     c28:	ff 77       	andi	r31, 0x7F	; 127
     c2a:	3f 2e       	mov	r3, r31
     c2c:	16 c0       	rjmp	.+44     	; 0xc5a <vfprintf+0x188>
     c2e:	28 01       	movw	r4, r16
     c30:	22 e0       	ldi	r18, 0x02	; 2
     c32:	42 0e       	add	r4, r18
     c34:	51 1c       	adc	r5, r1
     c36:	f8 01       	movw	r30, r16
     c38:	a0 80       	ld	r10, Z
     c3a:	b1 80       	ldd	r11, Z+1	; 0x01
     c3c:	36 fe       	sbrs	r3, 6
     c3e:	03 c0       	rjmp	.+6      	; 0xc46 <vfprintf+0x174>
     c40:	69 2d       	mov	r22, r9
     c42:	70 e0       	ldi	r23, 0x00	; 0
     c44:	02 c0       	rjmp	.+4      	; 0xc4a <vfprintf+0x178>
     c46:	6f ef       	ldi	r22, 0xFF	; 255
     c48:	7f ef       	ldi	r23, 0xFF	; 255
     c4a:	c5 01       	movw	r24, r10
     c4c:	0e 94 4a 07 	call	0xe94	; 0xe94 <strnlen_P>
     c50:	4c 01       	movw	r8, r24
     c52:	f3 2d       	mov	r31, r3
     c54:	f0 68       	ori	r31, 0x80	; 128
     c56:	3f 2e       	mov	r3, r31
     c58:	82 01       	movw	r16, r4
     c5a:	33 fc       	sbrc	r3, 3
     c5c:	1b c0       	rjmp	.+54     	; 0xc94 <vfprintf+0x1c2>
     c5e:	82 2d       	mov	r24, r2
     c60:	90 e0       	ldi	r25, 0x00	; 0
     c62:	88 16       	cp	r8, r24
     c64:	99 06       	cpc	r9, r25
     c66:	b0 f4       	brcc	.+44     	; 0xc94 <vfprintf+0x1c2>
     c68:	b6 01       	movw	r22, r12
     c6a:	80 e2       	ldi	r24, 0x20	; 32
     c6c:	90 e0       	ldi	r25, 0x00	; 0
     c6e:	0e 94 60 07 	call	0xec0	; 0xec0 <fputc>
     c72:	2a 94       	dec	r2
     c74:	f4 cf       	rjmp	.-24     	; 0xc5e <vfprintf+0x18c>
     c76:	f5 01       	movw	r30, r10
     c78:	37 fc       	sbrc	r3, 7
     c7a:	85 91       	lpm	r24, Z+
     c7c:	37 fe       	sbrs	r3, 7
     c7e:	81 91       	ld	r24, Z+
     c80:	5f 01       	movw	r10, r30
     c82:	b6 01       	movw	r22, r12
     c84:	90 e0       	ldi	r25, 0x00	; 0
     c86:	0e 94 60 07 	call	0xec0	; 0xec0 <fputc>
     c8a:	21 10       	cpse	r2, r1
     c8c:	2a 94       	dec	r2
     c8e:	21 e0       	ldi	r18, 0x01	; 1
     c90:	82 1a       	sub	r8, r18
     c92:	91 08       	sbc	r9, r1
     c94:	81 14       	cp	r8, r1
     c96:	91 04       	cpc	r9, r1
     c98:	71 f7       	brne	.-36     	; 0xc76 <vfprintf+0x1a4>
     c9a:	e8 c0       	rjmp	.+464    	; 0xe6c <vfprintf+0x39a>
     c9c:	84 36       	cpi	r24, 0x64	; 100
     c9e:	11 f0       	breq	.+4      	; 0xca4 <vfprintf+0x1d2>
     ca0:	89 36       	cpi	r24, 0x69	; 105
     ca2:	41 f5       	brne	.+80     	; 0xcf4 <vfprintf+0x222>
     ca4:	f8 01       	movw	r30, r16
     ca6:	37 fe       	sbrs	r3, 7
     ca8:	07 c0       	rjmp	.+14     	; 0xcb8 <vfprintf+0x1e6>
     caa:	60 81       	ld	r22, Z
     cac:	71 81       	ldd	r23, Z+1	; 0x01
     cae:	82 81       	ldd	r24, Z+2	; 0x02
     cb0:	93 81       	ldd	r25, Z+3	; 0x03
     cb2:	0c 5f       	subi	r16, 0xFC	; 252
     cb4:	1f 4f       	sbci	r17, 0xFF	; 255
     cb6:	08 c0       	rjmp	.+16     	; 0xcc8 <vfprintf+0x1f6>
     cb8:	60 81       	ld	r22, Z
     cba:	71 81       	ldd	r23, Z+1	; 0x01
     cbc:	07 2e       	mov	r0, r23
     cbe:	00 0c       	add	r0, r0
     cc0:	88 0b       	sbc	r24, r24
     cc2:	99 0b       	sbc	r25, r25
     cc4:	0e 5f       	subi	r16, 0xFE	; 254
     cc6:	1f 4f       	sbci	r17, 0xFF	; 255
     cc8:	f3 2d       	mov	r31, r3
     cca:	ff 76       	andi	r31, 0x6F	; 111
     ccc:	3f 2e       	mov	r3, r31
     cce:	97 ff       	sbrs	r25, 7
     cd0:	09 c0       	rjmp	.+18     	; 0xce4 <vfprintf+0x212>
     cd2:	90 95       	com	r25
     cd4:	80 95       	com	r24
     cd6:	70 95       	com	r23
     cd8:	61 95       	neg	r22
     cda:	7f 4f       	sbci	r23, 0xFF	; 255
     cdc:	8f 4f       	sbci	r24, 0xFF	; 255
     cde:	9f 4f       	sbci	r25, 0xFF	; 255
     ce0:	f0 68       	ori	r31, 0x80	; 128
     ce2:	3f 2e       	mov	r3, r31
     ce4:	2a e0       	ldi	r18, 0x0A	; 10
     ce6:	30 e0       	ldi	r19, 0x00	; 0
     ce8:	a3 01       	movw	r20, r6
     cea:	0e 94 9c 07 	call	0xf38	; 0xf38 <__ultoa_invert>
     cee:	88 2e       	mov	r8, r24
     cf0:	86 18       	sub	r8, r6
     cf2:	45 c0       	rjmp	.+138    	; 0xd7e <vfprintf+0x2ac>
     cf4:	85 37       	cpi	r24, 0x75	; 117
     cf6:	31 f4       	brne	.+12     	; 0xd04 <vfprintf+0x232>
     cf8:	23 2d       	mov	r18, r3
     cfa:	2f 7e       	andi	r18, 0xEF	; 239
     cfc:	b2 2e       	mov	r11, r18
     cfe:	2a e0       	ldi	r18, 0x0A	; 10
     d00:	30 e0       	ldi	r19, 0x00	; 0
     d02:	25 c0       	rjmp	.+74     	; 0xd4e <vfprintf+0x27c>
     d04:	93 2d       	mov	r25, r3
     d06:	99 7f       	andi	r25, 0xF9	; 249
     d08:	b9 2e       	mov	r11, r25
     d0a:	8f 36       	cpi	r24, 0x6F	; 111
     d0c:	c1 f0       	breq	.+48     	; 0xd3e <vfprintf+0x26c>
     d0e:	18 f4       	brcc	.+6      	; 0xd16 <vfprintf+0x244>
     d10:	88 35       	cpi	r24, 0x58	; 88
     d12:	79 f0       	breq	.+30     	; 0xd32 <vfprintf+0x260>
     d14:	b5 c0       	rjmp	.+362    	; 0xe80 <vfprintf+0x3ae>
     d16:	80 37       	cpi	r24, 0x70	; 112
     d18:	19 f0       	breq	.+6      	; 0xd20 <vfprintf+0x24e>
     d1a:	88 37       	cpi	r24, 0x78	; 120
     d1c:	21 f0       	breq	.+8      	; 0xd26 <vfprintf+0x254>
     d1e:	b0 c0       	rjmp	.+352    	; 0xe80 <vfprintf+0x3ae>
     d20:	e9 2f       	mov	r30, r25
     d22:	e0 61       	ori	r30, 0x10	; 16
     d24:	be 2e       	mov	r11, r30
     d26:	b4 fe       	sbrs	r11, 4
     d28:	0d c0       	rjmp	.+26     	; 0xd44 <vfprintf+0x272>
     d2a:	fb 2d       	mov	r31, r11
     d2c:	f4 60       	ori	r31, 0x04	; 4
     d2e:	bf 2e       	mov	r11, r31
     d30:	09 c0       	rjmp	.+18     	; 0xd44 <vfprintf+0x272>
     d32:	34 fe       	sbrs	r3, 4
     d34:	0a c0       	rjmp	.+20     	; 0xd4a <vfprintf+0x278>
     d36:	29 2f       	mov	r18, r25
     d38:	26 60       	ori	r18, 0x06	; 6
     d3a:	b2 2e       	mov	r11, r18
     d3c:	06 c0       	rjmp	.+12     	; 0xd4a <vfprintf+0x278>
     d3e:	28 e0       	ldi	r18, 0x08	; 8
     d40:	30 e0       	ldi	r19, 0x00	; 0
     d42:	05 c0       	rjmp	.+10     	; 0xd4e <vfprintf+0x27c>
     d44:	20 e1       	ldi	r18, 0x10	; 16
     d46:	30 e0       	ldi	r19, 0x00	; 0
     d48:	02 c0       	rjmp	.+4      	; 0xd4e <vfprintf+0x27c>
     d4a:	20 e1       	ldi	r18, 0x10	; 16
     d4c:	32 e0       	ldi	r19, 0x02	; 2
     d4e:	f8 01       	movw	r30, r16
     d50:	b7 fe       	sbrs	r11, 7
     d52:	07 c0       	rjmp	.+14     	; 0xd62 <vfprintf+0x290>
     d54:	60 81       	ld	r22, Z
     d56:	71 81       	ldd	r23, Z+1	; 0x01
     d58:	82 81       	ldd	r24, Z+2	; 0x02
     d5a:	93 81       	ldd	r25, Z+3	; 0x03
     d5c:	0c 5f       	subi	r16, 0xFC	; 252
     d5e:	1f 4f       	sbci	r17, 0xFF	; 255
     d60:	06 c0       	rjmp	.+12     	; 0xd6e <vfprintf+0x29c>
     d62:	60 81       	ld	r22, Z
     d64:	71 81       	ldd	r23, Z+1	; 0x01
     d66:	80 e0       	ldi	r24, 0x00	; 0
     d68:	90 e0       	ldi	r25, 0x00	; 0
     d6a:	0e 5f       	subi	r16, 0xFE	; 254
     d6c:	1f 4f       	sbci	r17, 0xFF	; 255
     d6e:	a3 01       	movw	r20, r6
     d70:	0e 94 9c 07 	call	0xf38	; 0xf38 <__ultoa_invert>
     d74:	88 2e       	mov	r8, r24
     d76:	86 18       	sub	r8, r6
     d78:	fb 2d       	mov	r31, r11
     d7a:	ff 77       	andi	r31, 0x7F	; 127
     d7c:	3f 2e       	mov	r3, r31
     d7e:	36 fe       	sbrs	r3, 6
     d80:	0d c0       	rjmp	.+26     	; 0xd9c <vfprintf+0x2ca>
     d82:	23 2d       	mov	r18, r3
     d84:	2e 7f       	andi	r18, 0xFE	; 254
     d86:	a2 2e       	mov	r10, r18
     d88:	89 14       	cp	r8, r9
     d8a:	58 f4       	brcc	.+22     	; 0xda2 <vfprintf+0x2d0>
     d8c:	34 fe       	sbrs	r3, 4
     d8e:	0b c0       	rjmp	.+22     	; 0xda6 <vfprintf+0x2d4>
     d90:	32 fc       	sbrc	r3, 2
     d92:	09 c0       	rjmp	.+18     	; 0xda6 <vfprintf+0x2d4>
     d94:	83 2d       	mov	r24, r3
     d96:	8e 7e       	andi	r24, 0xEE	; 238
     d98:	a8 2e       	mov	r10, r24
     d9a:	05 c0       	rjmp	.+10     	; 0xda6 <vfprintf+0x2d4>
     d9c:	b8 2c       	mov	r11, r8
     d9e:	a3 2c       	mov	r10, r3
     da0:	03 c0       	rjmp	.+6      	; 0xda8 <vfprintf+0x2d6>
     da2:	b8 2c       	mov	r11, r8
     da4:	01 c0       	rjmp	.+2      	; 0xda8 <vfprintf+0x2d6>
     da6:	b9 2c       	mov	r11, r9
     da8:	a4 fe       	sbrs	r10, 4
     daa:	0f c0       	rjmp	.+30     	; 0xdca <vfprintf+0x2f8>
     dac:	fe 01       	movw	r30, r28
     dae:	e8 0d       	add	r30, r8
     db0:	f1 1d       	adc	r31, r1
     db2:	80 81       	ld	r24, Z
     db4:	80 33       	cpi	r24, 0x30	; 48
     db6:	21 f4       	brne	.+8      	; 0xdc0 <vfprintf+0x2ee>
     db8:	9a 2d       	mov	r25, r10
     dba:	99 7e       	andi	r25, 0xE9	; 233
     dbc:	a9 2e       	mov	r10, r25
     dbe:	09 c0       	rjmp	.+18     	; 0xdd2 <vfprintf+0x300>
     dc0:	a2 fe       	sbrs	r10, 2
     dc2:	06 c0       	rjmp	.+12     	; 0xdd0 <vfprintf+0x2fe>
     dc4:	b3 94       	inc	r11
     dc6:	b3 94       	inc	r11
     dc8:	04 c0       	rjmp	.+8      	; 0xdd2 <vfprintf+0x300>
     dca:	8a 2d       	mov	r24, r10
     dcc:	86 78       	andi	r24, 0x86	; 134
     dce:	09 f0       	breq	.+2      	; 0xdd2 <vfprintf+0x300>
     dd0:	b3 94       	inc	r11
     dd2:	a3 fc       	sbrc	r10, 3
     dd4:	11 c0       	rjmp	.+34     	; 0xdf8 <vfprintf+0x326>
     dd6:	a0 fe       	sbrs	r10, 0
     dd8:	06 c0       	rjmp	.+12     	; 0xde6 <vfprintf+0x314>
     dda:	b2 14       	cp	r11, r2
     ddc:	88 f4       	brcc	.+34     	; 0xe00 <vfprintf+0x32e>
     dde:	28 0c       	add	r2, r8
     de0:	92 2c       	mov	r9, r2
     de2:	9b 18       	sub	r9, r11
     de4:	0e c0       	rjmp	.+28     	; 0xe02 <vfprintf+0x330>
     de6:	b2 14       	cp	r11, r2
     de8:	60 f4       	brcc	.+24     	; 0xe02 <vfprintf+0x330>
     dea:	b6 01       	movw	r22, r12
     dec:	80 e2       	ldi	r24, 0x20	; 32
     dee:	90 e0       	ldi	r25, 0x00	; 0
     df0:	0e 94 60 07 	call	0xec0	; 0xec0 <fputc>
     df4:	b3 94       	inc	r11
     df6:	f7 cf       	rjmp	.-18     	; 0xde6 <vfprintf+0x314>
     df8:	b2 14       	cp	r11, r2
     dfa:	18 f4       	brcc	.+6      	; 0xe02 <vfprintf+0x330>
     dfc:	2b 18       	sub	r2, r11
     dfe:	02 c0       	rjmp	.+4      	; 0xe04 <vfprintf+0x332>
     e00:	98 2c       	mov	r9, r8
     e02:	21 2c       	mov	r2, r1
     e04:	a4 fe       	sbrs	r10, 4
     e06:	10 c0       	rjmp	.+32     	; 0xe28 <vfprintf+0x356>
     e08:	b6 01       	movw	r22, r12
     e0a:	80 e3       	ldi	r24, 0x30	; 48
     e0c:	90 e0       	ldi	r25, 0x00	; 0
     e0e:	0e 94 60 07 	call	0xec0	; 0xec0 <fputc>
     e12:	a2 fe       	sbrs	r10, 2
     e14:	17 c0       	rjmp	.+46     	; 0xe44 <vfprintf+0x372>
     e16:	a1 fc       	sbrc	r10, 1
     e18:	03 c0       	rjmp	.+6      	; 0xe20 <vfprintf+0x34e>
     e1a:	88 e7       	ldi	r24, 0x78	; 120
     e1c:	90 e0       	ldi	r25, 0x00	; 0
     e1e:	02 c0       	rjmp	.+4      	; 0xe24 <vfprintf+0x352>
     e20:	88 e5       	ldi	r24, 0x58	; 88
     e22:	90 e0       	ldi	r25, 0x00	; 0
     e24:	b6 01       	movw	r22, r12
     e26:	0c c0       	rjmp	.+24     	; 0xe40 <vfprintf+0x36e>
     e28:	8a 2d       	mov	r24, r10
     e2a:	86 78       	andi	r24, 0x86	; 134
     e2c:	59 f0       	breq	.+22     	; 0xe44 <vfprintf+0x372>
     e2e:	a1 fe       	sbrs	r10, 1
     e30:	02 c0       	rjmp	.+4      	; 0xe36 <vfprintf+0x364>
     e32:	8b e2       	ldi	r24, 0x2B	; 43
     e34:	01 c0       	rjmp	.+2      	; 0xe38 <vfprintf+0x366>
     e36:	80 e2       	ldi	r24, 0x20	; 32
     e38:	a7 fc       	sbrc	r10, 7
     e3a:	8d e2       	ldi	r24, 0x2D	; 45
     e3c:	b6 01       	movw	r22, r12
     e3e:	90 e0       	ldi	r25, 0x00	; 0
     e40:	0e 94 60 07 	call	0xec0	; 0xec0 <fputc>
     e44:	89 14       	cp	r8, r9
     e46:	38 f4       	brcc	.+14     	; 0xe56 <vfprintf+0x384>
     e48:	b6 01       	movw	r22, r12
     e4a:	80 e3       	ldi	r24, 0x30	; 48
     e4c:	90 e0       	ldi	r25, 0x00	; 0
     e4e:	0e 94 60 07 	call	0xec0	; 0xec0 <fputc>
     e52:	9a 94       	dec	r9
     e54:	f7 cf       	rjmp	.-18     	; 0xe44 <vfprintf+0x372>
     e56:	8a 94       	dec	r8
     e58:	f3 01       	movw	r30, r6
     e5a:	e8 0d       	add	r30, r8
     e5c:	f1 1d       	adc	r31, r1
     e5e:	80 81       	ld	r24, Z
     e60:	b6 01       	movw	r22, r12
     e62:	90 e0       	ldi	r25, 0x00	; 0
     e64:	0e 94 60 07 	call	0xec0	; 0xec0 <fputc>
     e68:	81 10       	cpse	r8, r1
     e6a:	f5 cf       	rjmp	.-22     	; 0xe56 <vfprintf+0x384>
     e6c:	22 20       	and	r2, r2
     e6e:	09 f4       	brne	.+2      	; 0xe72 <vfprintf+0x3a0>
     e70:	42 ce       	rjmp	.-892    	; 0xaf6 <vfprintf+0x24>
     e72:	b6 01       	movw	r22, r12
     e74:	80 e2       	ldi	r24, 0x20	; 32
     e76:	90 e0       	ldi	r25, 0x00	; 0
     e78:	0e 94 60 07 	call	0xec0	; 0xec0 <fputc>
     e7c:	2a 94       	dec	r2
     e7e:	f6 cf       	rjmp	.-20     	; 0xe6c <vfprintf+0x39a>
     e80:	f6 01       	movw	r30, r12
     e82:	86 81       	ldd	r24, Z+6	; 0x06
     e84:	97 81       	ldd	r25, Z+7	; 0x07
     e86:	02 c0       	rjmp	.+4      	; 0xe8c <vfprintf+0x3ba>
     e88:	8f ef       	ldi	r24, 0xFF	; 255
     e8a:	9f ef       	ldi	r25, 0xFF	; 255
     e8c:	2b 96       	adiw	r28, 0x0b	; 11
     e8e:	e2 e1       	ldi	r30, 0x12	; 18
     e90:	0c 94 16 08 	jmp	0x102c	; 0x102c <__epilogue_restores__>

00000e94 <strnlen_P>:
     e94:	fc 01       	movw	r30, r24
     e96:	05 90       	lpm	r0, Z+
     e98:	61 50       	subi	r22, 0x01	; 1
     e9a:	70 40       	sbci	r23, 0x00	; 0
     e9c:	01 10       	cpse	r0, r1
     e9e:	d8 f7       	brcc	.-10     	; 0xe96 <strnlen_P+0x2>
     ea0:	80 95       	com	r24
     ea2:	90 95       	com	r25
     ea4:	8e 0f       	add	r24, r30
     ea6:	9f 1f       	adc	r25, r31
     ea8:	08 95       	ret

00000eaa <strnlen>:
     eaa:	fc 01       	movw	r30, r24
     eac:	61 50       	subi	r22, 0x01	; 1
     eae:	70 40       	sbci	r23, 0x00	; 0
     eb0:	01 90       	ld	r0, Z+
     eb2:	01 10       	cpse	r0, r1
     eb4:	d8 f7       	brcc	.-10     	; 0xeac <strnlen+0x2>
     eb6:	80 95       	com	r24
     eb8:	90 95       	com	r25
     eba:	8e 0f       	add	r24, r30
     ebc:	9f 1f       	adc	r25, r31
     ebe:	08 95       	ret

00000ec0 <fputc>:
     ec0:	0f 93       	push	r16
     ec2:	1f 93       	push	r17
     ec4:	cf 93       	push	r28
     ec6:	df 93       	push	r29
     ec8:	fb 01       	movw	r30, r22
     eca:	23 81       	ldd	r18, Z+3	; 0x03
     ecc:	21 fd       	sbrc	r18, 1
     ece:	03 c0       	rjmp	.+6      	; 0xed6 <fputc+0x16>
     ed0:	8f ef       	ldi	r24, 0xFF	; 255
     ed2:	9f ef       	ldi	r25, 0xFF	; 255
     ed4:	2c c0       	rjmp	.+88     	; 0xf2e <fputc+0x6e>
     ed6:	22 ff       	sbrs	r18, 2
     ed8:	16 c0       	rjmp	.+44     	; 0xf06 <fputc+0x46>
     eda:	46 81       	ldd	r20, Z+6	; 0x06
     edc:	57 81       	ldd	r21, Z+7	; 0x07
     ede:	24 81       	ldd	r18, Z+4	; 0x04
     ee0:	35 81       	ldd	r19, Z+5	; 0x05
     ee2:	42 17       	cp	r20, r18
     ee4:	53 07       	cpc	r21, r19
     ee6:	44 f4       	brge	.+16     	; 0xef8 <fputc+0x38>
     ee8:	a0 81       	ld	r26, Z
     eea:	b1 81       	ldd	r27, Z+1	; 0x01
     eec:	9d 01       	movw	r18, r26
     eee:	2f 5f       	subi	r18, 0xFF	; 255
     ef0:	3f 4f       	sbci	r19, 0xFF	; 255
     ef2:	31 83       	std	Z+1, r19	; 0x01
     ef4:	20 83       	st	Z, r18
     ef6:	8c 93       	st	X, r24
     ef8:	26 81       	ldd	r18, Z+6	; 0x06
     efa:	37 81       	ldd	r19, Z+7	; 0x07
     efc:	2f 5f       	subi	r18, 0xFF	; 255
     efe:	3f 4f       	sbci	r19, 0xFF	; 255
     f00:	37 83       	std	Z+7, r19	; 0x07
     f02:	26 83       	std	Z+6, r18	; 0x06
     f04:	14 c0       	rjmp	.+40     	; 0xf2e <fputc+0x6e>
     f06:	8b 01       	movw	r16, r22
     f08:	ec 01       	movw	r28, r24
     f0a:	fb 01       	movw	r30, r22
     f0c:	00 84       	ldd	r0, Z+8	; 0x08
     f0e:	f1 85       	ldd	r31, Z+9	; 0x09
     f10:	e0 2d       	mov	r30, r0
     f12:	09 95       	icall
     f14:	89 2b       	or	r24, r25
     f16:	e1 f6       	brne	.-72     	; 0xed0 <fputc+0x10>
     f18:	d8 01       	movw	r26, r16
     f1a:	16 96       	adiw	r26, 0x06	; 6
     f1c:	8d 91       	ld	r24, X+
     f1e:	9c 91       	ld	r25, X
     f20:	17 97       	sbiw	r26, 0x07	; 7
     f22:	01 96       	adiw	r24, 0x01	; 1
     f24:	17 96       	adiw	r26, 0x07	; 7
     f26:	9c 93       	st	X, r25
     f28:	8e 93       	st	-X, r24
     f2a:	16 97       	sbiw	r26, 0x06	; 6
     f2c:	ce 01       	movw	r24, r28
     f2e:	df 91       	pop	r29
     f30:	cf 91       	pop	r28
     f32:	1f 91       	pop	r17
     f34:	0f 91       	pop	r16
     f36:	08 95       	ret

00000f38 <__ultoa_invert>:
     f38:	fa 01       	movw	r30, r20
     f3a:	aa 27       	eor	r26, r26
     f3c:	28 30       	cpi	r18, 0x08	; 8
     f3e:	51 f1       	breq	.+84     	; 0xf94 <__ultoa_invert+0x5c>
     f40:	20 31       	cpi	r18, 0x10	; 16
     f42:	81 f1       	breq	.+96     	; 0xfa4 <__ultoa_invert+0x6c>
     f44:	e8 94       	clt
     f46:	6f 93       	push	r22
     f48:	6e 7f       	andi	r22, 0xFE	; 254
     f4a:	6e 5f       	subi	r22, 0xFE	; 254
     f4c:	7f 4f       	sbci	r23, 0xFF	; 255
     f4e:	8f 4f       	sbci	r24, 0xFF	; 255
     f50:	9f 4f       	sbci	r25, 0xFF	; 255
     f52:	af 4f       	sbci	r26, 0xFF	; 255
     f54:	b1 e0       	ldi	r27, 0x01	; 1
     f56:	3e d0       	rcall	.+124    	; 0xfd4 <__ultoa_invert+0x9c>
     f58:	b4 e0       	ldi	r27, 0x04	; 4
     f5a:	3c d0       	rcall	.+120    	; 0xfd4 <__ultoa_invert+0x9c>
     f5c:	67 0f       	add	r22, r23
     f5e:	78 1f       	adc	r23, r24
     f60:	89 1f       	adc	r24, r25
     f62:	9a 1f       	adc	r25, r26
     f64:	a1 1d       	adc	r26, r1
     f66:	68 0f       	add	r22, r24
     f68:	79 1f       	adc	r23, r25
     f6a:	8a 1f       	adc	r24, r26
     f6c:	91 1d       	adc	r25, r1
     f6e:	a1 1d       	adc	r26, r1
     f70:	6a 0f       	add	r22, r26
     f72:	71 1d       	adc	r23, r1
     f74:	81 1d       	adc	r24, r1
     f76:	91 1d       	adc	r25, r1
     f78:	a1 1d       	adc	r26, r1
     f7a:	20 d0       	rcall	.+64     	; 0xfbc <__ultoa_invert+0x84>
     f7c:	09 f4       	brne	.+2      	; 0xf80 <__ultoa_invert+0x48>
     f7e:	68 94       	set
     f80:	3f 91       	pop	r19
     f82:	2a e0       	ldi	r18, 0x0A	; 10
     f84:	26 9f       	mul	r18, r22
     f86:	11 24       	eor	r1, r1
     f88:	30 19       	sub	r19, r0
     f8a:	30 5d       	subi	r19, 0xD0	; 208
     f8c:	31 93       	st	Z+, r19
     f8e:	de f6       	brtc	.-74     	; 0xf46 <__ultoa_invert+0xe>
     f90:	cf 01       	movw	r24, r30
     f92:	08 95       	ret
     f94:	46 2f       	mov	r20, r22
     f96:	47 70       	andi	r20, 0x07	; 7
     f98:	40 5d       	subi	r20, 0xD0	; 208
     f9a:	41 93       	st	Z+, r20
     f9c:	b3 e0       	ldi	r27, 0x03	; 3
     f9e:	0f d0       	rcall	.+30     	; 0xfbe <__ultoa_invert+0x86>
     fa0:	c9 f7       	brne	.-14     	; 0xf94 <__ultoa_invert+0x5c>
     fa2:	f6 cf       	rjmp	.-20     	; 0xf90 <__ultoa_invert+0x58>
     fa4:	46 2f       	mov	r20, r22
     fa6:	4f 70       	andi	r20, 0x0F	; 15
     fa8:	40 5d       	subi	r20, 0xD0	; 208
     faa:	4a 33       	cpi	r20, 0x3A	; 58
     fac:	18 f0       	brcs	.+6      	; 0xfb4 <__ultoa_invert+0x7c>
     fae:	49 5d       	subi	r20, 0xD9	; 217
     fb0:	31 fd       	sbrc	r19, 1
     fb2:	40 52       	subi	r20, 0x20	; 32
     fb4:	41 93       	st	Z+, r20
     fb6:	02 d0       	rcall	.+4      	; 0xfbc <__ultoa_invert+0x84>
     fb8:	a9 f7       	brne	.-22     	; 0xfa4 <__ultoa_invert+0x6c>
     fba:	ea cf       	rjmp	.-44     	; 0xf90 <__ultoa_invert+0x58>
     fbc:	b4 e0       	ldi	r27, 0x04	; 4
     fbe:	a6 95       	lsr	r26
     fc0:	97 95       	ror	r25
     fc2:	87 95       	ror	r24
     fc4:	77 95       	ror	r23
     fc6:	67 95       	ror	r22
     fc8:	ba 95       	dec	r27
     fca:	c9 f7       	brne	.-14     	; 0xfbe <__ultoa_invert+0x86>
     fcc:	00 97       	sbiw	r24, 0x00	; 0
     fce:	61 05       	cpc	r22, r1
     fd0:	71 05       	cpc	r23, r1
     fd2:	08 95       	ret
     fd4:	9b 01       	movw	r18, r22
     fd6:	ac 01       	movw	r20, r24
     fd8:	0a 2e       	mov	r0, r26
     fda:	06 94       	lsr	r0
     fdc:	57 95       	ror	r21
     fde:	47 95       	ror	r20
     fe0:	37 95       	ror	r19
     fe2:	27 95       	ror	r18
     fe4:	ba 95       	dec	r27
     fe6:	c9 f7       	brne	.-14     	; 0xfda <__ultoa_invert+0xa2>
     fe8:	62 0f       	add	r22, r18
     fea:	73 1f       	adc	r23, r19
     fec:	84 1f       	adc	r24, r20
     fee:	95 1f       	adc	r25, r21
     ff0:	a0 1d       	adc	r26, r0
     ff2:	08 95       	ret

00000ff4 <__prologue_saves__>:
     ff4:	2f 92       	push	r2
     ff6:	3f 92       	push	r3
     ff8:	4f 92       	push	r4
     ffa:	5f 92       	push	r5
     ffc:	6f 92       	push	r6
     ffe:	7f 92       	push	r7
    1000:	8f 92       	push	r8
    1002:	9f 92       	push	r9
    1004:	af 92       	push	r10
    1006:	bf 92       	push	r11
    1008:	cf 92       	push	r12
    100a:	df 92       	push	r13
    100c:	ef 92       	push	r14
    100e:	ff 92       	push	r15
    1010:	0f 93       	push	r16
    1012:	1f 93       	push	r17
    1014:	cf 93       	push	r28
    1016:	df 93       	push	r29
    1018:	cd b7       	in	r28, 0x3d	; 61
    101a:	de b7       	in	r29, 0x3e	; 62
    101c:	ca 1b       	sub	r28, r26
    101e:	db 0b       	sbc	r29, r27
    1020:	0f b6       	in	r0, 0x3f	; 63
    1022:	f8 94       	cli
    1024:	de bf       	out	0x3e, r29	; 62
    1026:	0f be       	out	0x3f, r0	; 63
    1028:	cd bf       	out	0x3d, r28	; 61
    102a:	09 94       	ijmp

0000102c <__epilogue_restores__>:
    102c:	2a 88       	ldd	r2, Y+18	; 0x12
    102e:	39 88       	ldd	r3, Y+17	; 0x11
    1030:	48 88       	ldd	r4, Y+16	; 0x10
    1032:	5f 84       	ldd	r5, Y+15	; 0x0f
    1034:	6e 84       	ldd	r6, Y+14	; 0x0e
    1036:	7d 84       	ldd	r7, Y+13	; 0x0d
    1038:	8c 84       	ldd	r8, Y+12	; 0x0c
    103a:	9b 84       	ldd	r9, Y+11	; 0x0b
    103c:	aa 84       	ldd	r10, Y+10	; 0x0a
    103e:	b9 84       	ldd	r11, Y+9	; 0x09
    1040:	c8 84       	ldd	r12, Y+8	; 0x08
    1042:	df 80       	ldd	r13, Y+7	; 0x07
    1044:	ee 80       	ldd	r14, Y+6	; 0x06
    1046:	fd 80       	ldd	r15, Y+5	; 0x05
    1048:	0c 81       	ldd	r16, Y+4	; 0x04
    104a:	1b 81       	ldd	r17, Y+3	; 0x03
    104c:	aa 81       	ldd	r26, Y+2	; 0x02
    104e:	b9 81       	ldd	r27, Y+1	; 0x01
    1050:	ce 0f       	add	r28, r30
    1052:	d1 1d       	adc	r29, r1
    1054:	0f b6       	in	r0, 0x3f	; 63
    1056:	f8 94       	cli
    1058:	de bf       	out	0x3e, r29	; 62
    105a:	0f be       	out	0x3f, r0	; 63
    105c:	cd bf       	out	0x3d, r28	; 61
    105e:	ed 01       	movw	r28, r26
    1060:	08 95       	ret

00001062 <_exit>:
    1062:	f8 94       	cli

00001064 <__stop_program>:
    1064:	ff cf       	rjmp	.-2      	; 0x1064 <__stop_program>
