   1               		.file	"full.c"
   2               	__SP_H__ = 0x3e
   3               	__SP_L__ = 0x3d
   4               	__SREG__ = 0x3f
   5               	__tmp_reg__ = 0
   6               	__zero_reg__ = 1
   7               		.text
   8               	.Ltext0:
   9               		.cfi_sections	.debug_frame
  10               	.global	ds1302_init
  12               	ds1302_init:
  13               	.LFB6:
  14               		.file 1 "full.c"
   1:full.c        **** #define F_CPU 8000000UL
   2:full.c        **** #include <avr/io.h>
   3:full.c        **** #include <util/delay.h>
   4:full.c        **** #include "lcd.h"
   5:full.c        **** 
   6:full.c        **** // -------------------- DS1302 DEFINITIONS --------------------
   7:full.c        **** #define DS1302_PORT PORTD
   8:full.c        **** #define DS1302_DDR  DDRD
   9:full.c        **** #define DS1302_PIN  PIND
  10:full.c        **** #define DS1302_CLK  PD2
  11:full.c        **** #define DS1302_IO   PD3
  12:full.c        **** #define DS1302_CE   PD6
  13:full.c        **** 
  14:full.c        **** // -------------------- BUTTONS & BUZZER --------------------
  15:full.c        **** #define BTN_SET   PB5
  16:full.c        **** #define BTN_NEXT  PC4
  17:full.c        **** #define BTN_UP    PC5
  18:full.c        **** #define BTN_DOWN  PD7
  19:full.c        **** #define BUZZER    PB4
  20:full.c        **** 
  21:full.c        **** // -------------------- ULTRASONIC --------------------
  22:full.c        **** #define TRIG PB0
  23:full.c        **** #define ECHO PB1
  24:full.c        **** 
  25:full.c        **** // -------------------- SERVO --------------------
  26:full.c        **** #define SERVO_UPPER PB2   // OC1B (Timer1)
  27:full.c        **** #define SERVO_LOWER PB3   // OC2A (Timer2)
  28:full.c        **** 
  29:full.c        **** // -------------------- ALARM VARIABLES --------------------
  30:full.c        **** uint8_t alarm1_hour = 12, alarm1_min = 1;
  31:full.c        **** uint8_t alarm2_hour = 12, alarm2_min = 5;
  32:full.c        **** 
  33:full.c        **** // -------------------- TIME SET VARIABLES --------------------
  34:full.c        **** uint8_t set_hour, set_min;
  35:full.c        **** 
  36:full.c        **** enum { MODE_NORMAL, MODE_SET_TIME, MODE_SET_ALARM1, MODE_SET_ALARM2 };
  37:full.c        **** uint8_t mode = MODE_NORMAL;
  38:full.c        **** uint8_t edit_field = 0; // 0 = hour, 1 = min
  39:full.c        **** 
  40:full.c        **** // -------------------- BUTTON STATE TRACKING --------------------
  41:full.c        **** uint8_t last_btn_set = 0;
  42:full.c        **** uint8_t last_btn_next = 0;
  43:full.c        **** uint8_t last_btn_up = 0;
  44:full.c        **** uint8_t last_btn_down = 0;
  45:full.c        **** 
  46:full.c        **** // -------------------- DS1302 FUNCTIONS --------------------
  47:full.c        **** void ds1302_init(void) {
  15               		.loc 1 47 0
  16               		.cfi_startproc
  17               	/* prologue: function */
  18               	/* frame size = 0 */
  19               	/* stack size = 0 */
  20               	.L__stack_usage = 0
  48:full.c        ****     DS1302_DDR |= (1 << DS1302_CLK) | (1 << DS1302_CE);
  21               		.loc 1 48 0
  22 0000 8AB1      		in r24,0xa
  23 0002 8464      		ori r24,lo8(68)
  24 0004 8AB9      		out 0xa,r24
  49:full.c        ****     DS1302_DDR |= (1 << DS1302_IO);
  25               		.loc 1 49 0
  26 0006 539A      		sbi 0xa,3
  50:full.c        ****     DS1302_PORT &= ~(1 << DS1302_CLK);
  27               		.loc 1 50 0
  28 0008 5A98      		cbi 0xb,2
  51:full.c        ****     DS1302_PORT &= ~(1 << DS1302_CE);
  29               		.loc 1 51 0
  30 000a 5E98      		cbi 0xb,6
  31 000c 0895      		ret
  32               		.cfi_endproc
  33               	.LFE6:
  35               	.global	ds1302_start
  37               	ds1302_start:
  38               	.LFB7:
  52:full.c        **** }
  53:full.c        **** 
  54:full.c        **** void ds1302_start(void) { DS1302_PORT |= (1 << DS1302_CE); _delay_us(4); }
  39               		.loc 1 54 0
  40               		.cfi_startproc
  41               	/* prologue: function */
  42               	/* frame size = 0 */
  43               	/* stack size = 0 */
  44               	.L__stack_usage = 0
  45               		.loc 1 54 0
  46 000e 5E9A      		sbi 0xb,6
  47               	.LVL0:
  48               	.LBB104:
  49               	.LBB105:
  50               		.file 2 "/usr/lib/avr/include/util/delay.h"
   1:/usr/lib/avr/include/util/delay.h **** /* Copyright (c) 2002, Marek Michalkiewicz
   2:/usr/lib/avr/include/util/delay.h ****    Copyright (c) 2004,2005,2007 Joerg Wunsch
   3:/usr/lib/avr/include/util/delay.h ****    Copyright (c) 2007  Florin-Viorel Petrov
   4:/usr/lib/avr/include/util/delay.h ****    All rights reserved.
   5:/usr/lib/avr/include/util/delay.h **** 
   6:/usr/lib/avr/include/util/delay.h ****    Redistribution and use in source and binary forms, with or without
   7:/usr/lib/avr/include/util/delay.h ****    modification, are permitted provided that the following conditions are met:
   8:/usr/lib/avr/include/util/delay.h **** 
   9:/usr/lib/avr/include/util/delay.h ****    * Redistributions of source code must retain the above copyright
  10:/usr/lib/avr/include/util/delay.h ****      notice, this list of conditions and the following disclaimer.
  11:/usr/lib/avr/include/util/delay.h **** 
  12:/usr/lib/avr/include/util/delay.h ****    * Redistributions in binary form must reproduce the above copyright
  13:/usr/lib/avr/include/util/delay.h ****      notice, this list of conditions and the following disclaimer in
  14:/usr/lib/avr/include/util/delay.h ****      the documentation and/or other materials provided with the
  15:/usr/lib/avr/include/util/delay.h ****      distribution.
  16:/usr/lib/avr/include/util/delay.h **** 
  17:/usr/lib/avr/include/util/delay.h ****    * Neither the name of the copyright holders nor the names of
  18:/usr/lib/avr/include/util/delay.h ****      contributors may be used to endorse or promote products derived
  19:/usr/lib/avr/include/util/delay.h ****      from this software without specific prior written permission.
  20:/usr/lib/avr/include/util/delay.h **** 
  21:/usr/lib/avr/include/util/delay.h ****   THIS SOFTWARE IS PROVIDED BY THE COPYRIGHT HOLDERS AND CONTRIBUTORS "AS IS"
  22:/usr/lib/avr/include/util/delay.h ****   AND ANY EXPRESS OR IMPLIED WARRANTIES, INCLUDING, BUT NOT LIMITED TO, THE
  23:/usr/lib/avr/include/util/delay.h ****   IMPLIED WARRANTIES OF MERCHANTABILITY AND FITNESS FOR A PARTICULAR PURPOSE
  24:/usr/lib/avr/include/util/delay.h ****   ARE DISCLAIMED. IN NO EVENT SHALL THE COPYRIGHT OWNER OR CONTRIBUTORS BE
  25:/usr/lib/avr/include/util/delay.h ****   LIABLE FOR ANY DIRECT, INDIRECT, INCIDENTAL, SPECIAL, EXEMPLARY, OR
  26:/usr/lib/avr/include/util/delay.h ****   CONSEQUENTIAL DAMAGES (INCLUDING, BUT NOT LIMITED TO, PROCUREMENT OF
  27:/usr/lib/avr/include/util/delay.h ****   SUBSTITUTE GOODS OR SERVICES; LOSS OF USE, DATA, OR PROFITS; OR BUSINESS
  28:/usr/lib/avr/include/util/delay.h ****   INTERRUPTION) HOWEVER CAUSED AND ON ANY THEORY OF LIABILITY, WHETHER IN
  29:/usr/lib/avr/include/util/delay.h ****   CONTRACT, STRICT LIABILITY, OR TORT (INCLUDING NEGLIGENCE OR OTHERWISE)
  30:/usr/lib/avr/include/util/delay.h ****   ARISING IN ANY WAY OUT OF THE USE OF THIS SOFTWARE, EVEN IF ADVISED OF THE
  31:/usr/lib/avr/include/util/delay.h ****   POSSIBILITY OF SUCH DAMAGE. */
  32:/usr/lib/avr/include/util/delay.h **** 
  33:/usr/lib/avr/include/util/delay.h **** /* $Id$ */
  34:/usr/lib/avr/include/util/delay.h **** 
  35:/usr/lib/avr/include/util/delay.h **** #ifndef _UTIL_DELAY_H_
  36:/usr/lib/avr/include/util/delay.h **** #define _UTIL_DELAY_H_ 1
  37:/usr/lib/avr/include/util/delay.h **** 
  38:/usr/lib/avr/include/util/delay.h **** #ifndef __DOXYGEN__
  39:/usr/lib/avr/include/util/delay.h **** #  ifndef __HAS_DELAY_CYCLES
  40:/usr/lib/avr/include/util/delay.h **** #    define __HAS_DELAY_CYCLES 1
  41:/usr/lib/avr/include/util/delay.h **** #  endif
  42:/usr/lib/avr/include/util/delay.h **** #endif  /* __DOXYGEN__ */
  43:/usr/lib/avr/include/util/delay.h **** 
  44:/usr/lib/avr/include/util/delay.h **** #include <inttypes.h>
  45:/usr/lib/avr/include/util/delay.h **** #include <util/delay_basic.h>
  46:/usr/lib/avr/include/util/delay.h **** #include <math.h>
  47:/usr/lib/avr/include/util/delay.h **** 
  48:/usr/lib/avr/include/util/delay.h **** /** \file */
  49:/usr/lib/avr/include/util/delay.h **** /** \defgroup util_delay <util/delay.h>: Convenience functions for busy-wait delay loops
  50:/usr/lib/avr/include/util/delay.h ****     \code
  51:/usr/lib/avr/include/util/delay.h ****     #define F_CPU 1000000UL  // 1 MHz
  52:/usr/lib/avr/include/util/delay.h ****     //#define F_CPU 14.7456E6
  53:/usr/lib/avr/include/util/delay.h ****     #include <util/delay.h>
  54:/usr/lib/avr/include/util/delay.h ****     \endcode
  55:/usr/lib/avr/include/util/delay.h **** 
  56:/usr/lib/avr/include/util/delay.h ****     \note As an alternative method, it is possible to pass the
  57:/usr/lib/avr/include/util/delay.h ****     F_CPU macro down to the compiler from the Makefile.
  58:/usr/lib/avr/include/util/delay.h ****     Obviously, in that case, no \c \#define statement should be
  59:/usr/lib/avr/include/util/delay.h ****     used.
  60:/usr/lib/avr/include/util/delay.h **** 
  61:/usr/lib/avr/include/util/delay.h ****     The functions in this header file are wrappers around the basic
  62:/usr/lib/avr/include/util/delay.h ****     busy-wait functions from <util/delay_basic.h>.  They are meant as
  63:/usr/lib/avr/include/util/delay.h ****     convenience functions where actual time values can be specified
  64:/usr/lib/avr/include/util/delay.h ****     rather than a number of cycles to wait for.  The idea behind is
  65:/usr/lib/avr/include/util/delay.h ****     that compile-time constant expressions will be eliminated by
  66:/usr/lib/avr/include/util/delay.h ****     compiler optimization so floating-point expressions can be used
  67:/usr/lib/avr/include/util/delay.h ****     to calculate the number of delay cycles needed based on the CPU
  68:/usr/lib/avr/include/util/delay.h ****     frequency passed by the macro F_CPU.
  69:/usr/lib/avr/include/util/delay.h **** 
  70:/usr/lib/avr/include/util/delay.h ****     \note In order for these functions to work as intended, compiler
  71:/usr/lib/avr/include/util/delay.h ****     optimizations <em>must</em> be enabled, and the delay time
  72:/usr/lib/avr/include/util/delay.h ****     <em>must</em> be an expression that is a known constant at
  73:/usr/lib/avr/include/util/delay.h ****     compile-time.  If these requirements are not met, the resulting
  74:/usr/lib/avr/include/util/delay.h ****     delay will be much longer (and basically unpredictable), and
  75:/usr/lib/avr/include/util/delay.h ****     applications that otherwise do not use floating-point calculations
  76:/usr/lib/avr/include/util/delay.h ****     will experience severe code bloat by the floating-point library
  77:/usr/lib/avr/include/util/delay.h ****     routines linked into the application.
  78:/usr/lib/avr/include/util/delay.h **** 
  79:/usr/lib/avr/include/util/delay.h ****     The functions available allow the specification of microsecond, and
  80:/usr/lib/avr/include/util/delay.h ****     millisecond delays directly, using the application-supplied macro
  81:/usr/lib/avr/include/util/delay.h ****     F_CPU as the CPU clock frequency (in Hertz).
  82:/usr/lib/avr/include/util/delay.h **** 
  83:/usr/lib/avr/include/util/delay.h **** */
  84:/usr/lib/avr/include/util/delay.h **** 
  85:/usr/lib/avr/include/util/delay.h **** #if !defined(__DOXYGEN__)
  86:/usr/lib/avr/include/util/delay.h **** static __inline__ void _delay_us(double __us) __attribute__((__always_inline__));
  87:/usr/lib/avr/include/util/delay.h **** static __inline__ void _delay_ms(double __ms) __attribute__((__always_inline__));
  88:/usr/lib/avr/include/util/delay.h **** #endif
  89:/usr/lib/avr/include/util/delay.h **** 
  90:/usr/lib/avr/include/util/delay.h **** #ifndef F_CPU
  91:/usr/lib/avr/include/util/delay.h **** /* prevent compiler error by supplying a default */
  92:/usr/lib/avr/include/util/delay.h **** # warning "F_CPU not defined for <util/delay.h>"
  93:/usr/lib/avr/include/util/delay.h **** /** \ingroup util_delay
  94:/usr/lib/avr/include/util/delay.h ****     \def F_CPU
  95:/usr/lib/avr/include/util/delay.h ****     \brief CPU frequency in Hz
  96:/usr/lib/avr/include/util/delay.h **** 
  97:/usr/lib/avr/include/util/delay.h ****     The macro F_CPU specifies the CPU frequency to be considered by
  98:/usr/lib/avr/include/util/delay.h ****     the delay macros.  This macro is normally supplied by the
  99:/usr/lib/avr/include/util/delay.h ****     environment (e.g. from within a project header, or the project's
 100:/usr/lib/avr/include/util/delay.h ****     Makefile).  The value 1 MHz here is only provided as a "vanilla"
 101:/usr/lib/avr/include/util/delay.h ****     fallback if no such user-provided definition could be found.
 102:/usr/lib/avr/include/util/delay.h **** 
 103:/usr/lib/avr/include/util/delay.h ****     In terms of the delay functions, the CPU frequency can be given as
 104:/usr/lib/avr/include/util/delay.h ****     a floating-point constant (e.g. 3.6864E6 for 3.6864 MHz).
 105:/usr/lib/avr/include/util/delay.h ****     However, the macros in <util/setbaud.h> require it to be an
 106:/usr/lib/avr/include/util/delay.h ****     integer value.
 107:/usr/lib/avr/include/util/delay.h ****  */
 108:/usr/lib/avr/include/util/delay.h **** # define F_CPU 1000000UL
 109:/usr/lib/avr/include/util/delay.h **** #endif
 110:/usr/lib/avr/include/util/delay.h **** 
 111:/usr/lib/avr/include/util/delay.h **** #ifndef __OPTIMIZE__
 112:/usr/lib/avr/include/util/delay.h **** # warning "Compiler optimizations disabled; functions from <util/delay.h> won't work as designed"
 113:/usr/lib/avr/include/util/delay.h **** #endif
 114:/usr/lib/avr/include/util/delay.h **** 
 115:/usr/lib/avr/include/util/delay.h **** #if __HAS_DELAY_CYCLES && defined(__OPTIMIZE__) && \
 116:/usr/lib/avr/include/util/delay.h ****   !defined(__DELAY_BACKWARD_COMPATIBLE__) &&	   \
 117:/usr/lib/avr/include/util/delay.h ****   __STDC_HOSTED__
 118:/usr/lib/avr/include/util/delay.h **** #  include <math.h>
 119:/usr/lib/avr/include/util/delay.h **** #endif
 120:/usr/lib/avr/include/util/delay.h **** 
 121:/usr/lib/avr/include/util/delay.h **** /**
 122:/usr/lib/avr/include/util/delay.h ****    \ingroup util_delay
 123:/usr/lib/avr/include/util/delay.h **** 
 124:/usr/lib/avr/include/util/delay.h ****    Perform a delay of \c __ms milliseconds, using _delay_loop_2().
 125:/usr/lib/avr/include/util/delay.h **** 
 126:/usr/lib/avr/include/util/delay.h ****    The macro F_CPU is supposed to be defined to a
 127:/usr/lib/avr/include/util/delay.h ****    constant defining the CPU clock frequency (in Hertz).
 128:/usr/lib/avr/include/util/delay.h **** 
 129:/usr/lib/avr/include/util/delay.h ****    The maximal possible delay is 262.14 ms / F_CPU in MHz.
 130:/usr/lib/avr/include/util/delay.h **** 
 131:/usr/lib/avr/include/util/delay.h ****    When the user request delay which exceed the maximum possible one,
 132:/usr/lib/avr/include/util/delay.h ****    _delay_ms() provides a decreased resolution functionality. In this
 133:/usr/lib/avr/include/util/delay.h ****    mode _delay_ms() will work with a resolution of 1/10 ms, providing
 134:/usr/lib/avr/include/util/delay.h ****    delays up to 6.5535 seconds (independent from CPU frequency).  The
 135:/usr/lib/avr/include/util/delay.h ****    user will not be informed about decreased resolution.
 136:/usr/lib/avr/include/util/delay.h **** 
 137:/usr/lib/avr/include/util/delay.h ****    If the avr-gcc toolchain has __builtin_avr_delay_cycles()
 138:/usr/lib/avr/include/util/delay.h ****    support, maximal possible delay is 4294967.295 ms/ F_CPU in MHz. For
 139:/usr/lib/avr/include/util/delay.h ****    values greater than the maximal possible delay, overflows results in
 140:/usr/lib/avr/include/util/delay.h ****    no delay i.e., 0ms.
 141:/usr/lib/avr/include/util/delay.h **** 
 142:/usr/lib/avr/include/util/delay.h ****    Conversion of \c __ms into clock cycles may not always result in
 143:/usr/lib/avr/include/util/delay.h ****    integer.  By default, the clock cycles rounded up to next
 144:/usr/lib/avr/include/util/delay.h ****    integer. This ensures that the user gets at least \c __ms
 145:/usr/lib/avr/include/util/delay.h ****    microseconds of delay.
 146:/usr/lib/avr/include/util/delay.h **** 
 147:/usr/lib/avr/include/util/delay.h ****    Alternatively, by defining the macro \c __DELAY_ROUND_DOWN__, or
 148:/usr/lib/avr/include/util/delay.h ****    \c __DELAY_ROUND_CLOSEST__, before including this header file, the
 149:/usr/lib/avr/include/util/delay.h ****    algorithm can be made to round down, or round to closest integer,
 150:/usr/lib/avr/include/util/delay.h ****    respectively.
 151:/usr/lib/avr/include/util/delay.h **** 
 152:/usr/lib/avr/include/util/delay.h ****    \note
 153:/usr/lib/avr/include/util/delay.h **** 
 154:/usr/lib/avr/include/util/delay.h ****    The implementation of _delay_ms() based on
 155:/usr/lib/avr/include/util/delay.h ****    __builtin_avr_delay_cycles() is not backward compatible with older
 156:/usr/lib/avr/include/util/delay.h ****    implementations.  In order to get functionality backward compatible
 157:/usr/lib/avr/include/util/delay.h ****    with previous versions, the macro \c "__DELAY_BACKWARD_COMPATIBLE__"
 158:/usr/lib/avr/include/util/delay.h ****    must be defined before including this header file. Also, the
 159:/usr/lib/avr/include/util/delay.h ****    backward compatible algorithm will be chosen if the code is
 160:/usr/lib/avr/include/util/delay.h ****    compiled in a <em>freestanding environment</em> (GCC option
 161:/usr/lib/avr/include/util/delay.h ****    \c -ffreestanding), as the math functions required for rounding are
 162:/usr/lib/avr/include/util/delay.h ****    not available to the compiler then.
 163:/usr/lib/avr/include/util/delay.h **** 
 164:/usr/lib/avr/include/util/delay.h ****  */
 165:/usr/lib/avr/include/util/delay.h **** void
 166:/usr/lib/avr/include/util/delay.h **** _delay_ms(double __ms)
 167:/usr/lib/avr/include/util/delay.h **** {
 168:/usr/lib/avr/include/util/delay.h **** 	double __tmp ;
 169:/usr/lib/avr/include/util/delay.h **** #if __HAS_DELAY_CYCLES && defined(__OPTIMIZE__) && \
 170:/usr/lib/avr/include/util/delay.h ****   !defined(__DELAY_BACKWARD_COMPATIBLE__) &&	   \
 171:/usr/lib/avr/include/util/delay.h ****   __STDC_HOSTED__
 172:/usr/lib/avr/include/util/delay.h **** 	uint32_t __ticks_dc;
 173:/usr/lib/avr/include/util/delay.h **** 	extern void __builtin_avr_delay_cycles(unsigned long);
 174:/usr/lib/avr/include/util/delay.h **** 	__tmp = ((F_CPU) / 1e3) * __ms;
 175:/usr/lib/avr/include/util/delay.h **** 
 176:/usr/lib/avr/include/util/delay.h **** 	#if defined(__DELAY_ROUND_DOWN__)
 177:/usr/lib/avr/include/util/delay.h **** 		__ticks_dc = (uint32_t)fabs(__tmp);
 178:/usr/lib/avr/include/util/delay.h **** 
 179:/usr/lib/avr/include/util/delay.h **** 	#elif defined(__DELAY_ROUND_CLOSEST__)
 180:/usr/lib/avr/include/util/delay.h **** 		__ticks_dc = (uint32_t)(fabs(__tmp)+0.5);
 181:/usr/lib/avr/include/util/delay.h **** 
 182:/usr/lib/avr/include/util/delay.h **** 	#else
 183:/usr/lib/avr/include/util/delay.h **** 		//round up by default
 184:/usr/lib/avr/include/util/delay.h **** 		__ticks_dc = (uint32_t)(ceil(fabs(__tmp)));
 185:/usr/lib/avr/include/util/delay.h **** 	#endif
 186:/usr/lib/avr/include/util/delay.h **** 
 187:/usr/lib/avr/include/util/delay.h **** 	__builtin_avr_delay_cycles(__ticks_dc);
 188:/usr/lib/avr/include/util/delay.h **** 
 189:/usr/lib/avr/include/util/delay.h **** #else
 190:/usr/lib/avr/include/util/delay.h **** 	uint16_t __ticks;
 191:/usr/lib/avr/include/util/delay.h **** 	__tmp = ((F_CPU) / 4e3) * __ms;
 192:/usr/lib/avr/include/util/delay.h **** 	if (__tmp < 1.0)
 193:/usr/lib/avr/include/util/delay.h **** 		__ticks = 1;
 194:/usr/lib/avr/include/util/delay.h **** 	else if (__tmp > 65535)
 195:/usr/lib/avr/include/util/delay.h **** 	{
 196:/usr/lib/avr/include/util/delay.h **** 		//	__ticks = requested delay in 1/10 ms
 197:/usr/lib/avr/include/util/delay.h **** 		__ticks = (uint16_t) (__ms * 10.0);
 198:/usr/lib/avr/include/util/delay.h **** 		while(__ticks)
 199:/usr/lib/avr/include/util/delay.h **** 		{
 200:/usr/lib/avr/include/util/delay.h **** 			// wait 1/10 ms
 201:/usr/lib/avr/include/util/delay.h **** 			_delay_loop_2(((F_CPU) / 4e3) / 10);
 202:/usr/lib/avr/include/util/delay.h **** 			__ticks --;
 203:/usr/lib/avr/include/util/delay.h **** 		}
 204:/usr/lib/avr/include/util/delay.h **** 		return;
 205:/usr/lib/avr/include/util/delay.h **** 	}
 206:/usr/lib/avr/include/util/delay.h **** 	else
 207:/usr/lib/avr/include/util/delay.h **** 		__ticks = (uint16_t)__tmp;
 208:/usr/lib/avr/include/util/delay.h **** 	_delay_loop_2(__ticks);
 209:/usr/lib/avr/include/util/delay.h **** #endif
 210:/usr/lib/avr/include/util/delay.h **** }
 211:/usr/lib/avr/include/util/delay.h **** 
 212:/usr/lib/avr/include/util/delay.h **** /**
 213:/usr/lib/avr/include/util/delay.h ****    \ingroup util_delay
 214:/usr/lib/avr/include/util/delay.h **** 
 215:/usr/lib/avr/include/util/delay.h ****    Perform a delay of \c __us microseconds, using _delay_loop_1().
 216:/usr/lib/avr/include/util/delay.h **** 
 217:/usr/lib/avr/include/util/delay.h ****    The macro F_CPU is supposed to be defined to a
 218:/usr/lib/avr/include/util/delay.h ****    constant defining the CPU clock frequency (in Hertz).
 219:/usr/lib/avr/include/util/delay.h **** 
 220:/usr/lib/avr/include/util/delay.h ****    The maximal possible delay is 768 us / F_CPU in MHz.
 221:/usr/lib/avr/include/util/delay.h **** 
 222:/usr/lib/avr/include/util/delay.h ****    If the user requests a delay greater than the maximal possible one,
 223:/usr/lib/avr/include/util/delay.h ****    _delay_us() will automatically call _delay_ms() instead.  The user
 224:/usr/lib/avr/include/util/delay.h ****    will not be informed about this case.
 225:/usr/lib/avr/include/util/delay.h **** 
 226:/usr/lib/avr/include/util/delay.h ****    If the avr-gcc toolchain has __builtin_avr_delay_cycles()
 227:/usr/lib/avr/include/util/delay.h ****    support, maximal possible delay is 4294967.295 us/ F_CPU in MHz. For
 228:/usr/lib/avr/include/util/delay.h ****    values greater than the maximal possible delay, overflow results in
 229:/usr/lib/avr/include/util/delay.h ****    no delay i.e., 0us.
 230:/usr/lib/avr/include/util/delay.h **** 
 231:/usr/lib/avr/include/util/delay.h ****    Conversion of \c __us into clock cycles may not always result in
 232:/usr/lib/avr/include/util/delay.h ****    integer.  By default, the clock cycles rounded up to next
 233:/usr/lib/avr/include/util/delay.h ****    integer. This ensures that the user gets at least \c __us
 234:/usr/lib/avr/include/util/delay.h ****    microseconds of delay.
 235:/usr/lib/avr/include/util/delay.h **** 
 236:/usr/lib/avr/include/util/delay.h ****    Alternatively, by defining the macro \c __DELAY_ROUND_DOWN__, or
 237:/usr/lib/avr/include/util/delay.h ****    \c __DELAY_ROUND_CLOSEST__, before including this header file, the
 238:/usr/lib/avr/include/util/delay.h ****    algorithm can be made to round down, or round to closest integer,
 239:/usr/lib/avr/include/util/delay.h ****    respectively.
 240:/usr/lib/avr/include/util/delay.h **** 
 241:/usr/lib/avr/include/util/delay.h ****    \note
 242:/usr/lib/avr/include/util/delay.h **** 
 243:/usr/lib/avr/include/util/delay.h ****    The implementation of _delay_ms() based on
 244:/usr/lib/avr/include/util/delay.h ****    __builtin_avr_delay_cycles() is not backward compatible with older
 245:/usr/lib/avr/include/util/delay.h ****    implementations.  In order to get functionality backward compatible
 246:/usr/lib/avr/include/util/delay.h ****    with previous versions, the macro \c __DELAY_BACKWARD_COMPATIBLE__
 247:/usr/lib/avr/include/util/delay.h ****    must be defined before including this header file. Also, the
 248:/usr/lib/avr/include/util/delay.h ****    backward compatible algorithm will be chosen if the code is
 249:/usr/lib/avr/include/util/delay.h ****    compiled in a <em>freestanding environment</em> (GCC option
 250:/usr/lib/avr/include/util/delay.h ****    \c -ffreestanding), as the math functions required for rounding are
 251:/usr/lib/avr/include/util/delay.h ****    not available to the compiler then.
 252:/usr/lib/avr/include/util/delay.h **** 
 253:/usr/lib/avr/include/util/delay.h ****  */
 254:/usr/lib/avr/include/util/delay.h **** void
 255:/usr/lib/avr/include/util/delay.h **** _delay_us(double __us)
 256:/usr/lib/avr/include/util/delay.h **** {
 257:/usr/lib/avr/include/util/delay.h **** 	double __tmp ;
 258:/usr/lib/avr/include/util/delay.h **** #if __HAS_DELAY_CYCLES && defined(__OPTIMIZE__) && \
 259:/usr/lib/avr/include/util/delay.h ****   !defined(__DELAY_BACKWARD_COMPATIBLE__) &&	   \
 260:/usr/lib/avr/include/util/delay.h ****   __STDC_HOSTED__
 261:/usr/lib/avr/include/util/delay.h **** 	uint32_t __ticks_dc;
 262:/usr/lib/avr/include/util/delay.h **** 	extern void __builtin_avr_delay_cycles(unsigned long);
 263:/usr/lib/avr/include/util/delay.h **** 	__tmp = ((F_CPU) / 1e6) * __us;
 264:/usr/lib/avr/include/util/delay.h **** 
 265:/usr/lib/avr/include/util/delay.h **** 	#if defined(__DELAY_ROUND_DOWN__)
 266:/usr/lib/avr/include/util/delay.h **** 		__ticks_dc = (uint32_t)fabs(__tmp);
 267:/usr/lib/avr/include/util/delay.h **** 
 268:/usr/lib/avr/include/util/delay.h **** 	#elif defined(__DELAY_ROUND_CLOSEST__)
 269:/usr/lib/avr/include/util/delay.h **** 		__ticks_dc = (uint32_t)(fabs(__tmp)+0.5);
 270:/usr/lib/avr/include/util/delay.h **** 
 271:/usr/lib/avr/include/util/delay.h **** 	#else
 272:/usr/lib/avr/include/util/delay.h **** 		//round up by default
 273:/usr/lib/avr/include/util/delay.h **** 		__ticks_dc = (uint32_t)(ceil(fabs(__tmp)));
 274:/usr/lib/avr/include/util/delay.h **** 	#endif
 275:/usr/lib/avr/include/util/delay.h **** 
 276:/usr/lib/avr/include/util/delay.h **** 	__builtin_avr_delay_cycles(__ticks_dc);
  51               		.loc 2 276 0
  52 0010 8AE0      		ldi r24,lo8(10)
  53 0012 8A95      	1:	dec r24
  54 0014 01F4      		brne 1b
  55 0016 00C0      		rjmp .
  56               	.LVL1:
  57 0018 0895      		ret
  58               	.LBE105:
  59               	.LBE104:
  60               		.cfi_endproc
  61               	.LFE7:
  63               	.global	ds1302_stop
  65               	ds1302_stop:
  66               	.LFB8:
  55:full.c        **** void ds1302_stop(void)  { DS1302_PORT &= ~(1 << DS1302_CE); _delay_us(4); }
  67               		.loc 1 55 0
  68               		.cfi_startproc
  69               	/* prologue: function */
  70               	/* frame size = 0 */
  71               	/* stack size = 0 */
  72               	.L__stack_usage = 0
  73               		.loc 1 55 0
  74 001a 5E98      		cbi 0xb,6
  75               	.LVL2:
  76               	.LBB106:
  77               	.LBB107:
  78               		.loc 2 276 0
  79 001c 8AE0      		ldi r24,lo8(10)
  80 001e 8A95      	1:	dec r24
  81 0020 01F4      		brne 1b
  82 0022 00C0      		rjmp .
  83               	.LVL3:
  84 0024 0895      		ret
  85               	.LBE107:
  86               	.LBE106:
  87               		.cfi_endproc
  88               	.LFE8:
  90               	.global	ds1302_write_byte
  92               	ds1302_write_byte:
  93               	.LFB9:
  56:full.c        **** 
  57:full.c        **** void ds1302_write_byte(uint8_t data) {
  94               		.loc 1 57 0
  95               		.cfi_startproc
  96               	.LVL4:
  97               	/* prologue: function */
  98               	/* frame size = 0 */
  99               	/* stack size = 0 */
 100               	.L__stack_usage = 0
 101               		.loc 1 57 0
 102 0026 98E0      		ldi r25,lo8(8)
 103               	.LVL5:
 104               	.L7:
 105               	.LBB108:
  58:full.c        ****     for (uint8_t i = 0; i < 8; i++) {
  59:full.c        ****         if (data & 0x01) DS1302_PORT |= (1 << DS1302_IO);
 106               		.loc 1 59 0
 107 0028 80FF      		sbrs r24,0
 108 002a 00C0      		rjmp .L5
 109               		.loc 1 59 0 is_stmt 0 discriminator 1
 110 002c 5B9A      		sbi 0xb,3
 111 002e 00C0      		rjmp .L6
 112               	.L5:
  60:full.c        ****         else DS1302_PORT &= ~(1 << DS1302_IO);
 113               		.loc 1 60 0 is_stmt 1
 114 0030 5B98      		cbi 0xb,3
 115               	.L6:
  61:full.c        ****         DS1302_PORT |= (1 << DS1302_CLK);
 116               		.loc 1 61 0 discriminator 2
 117 0032 5A9A      		sbi 0xb,2
 118               	.LVL6:
 119               	.LBB109:
 120               	.LBB110:
 121               		.loc 2 276 0 discriminator 2
 122 0034 22E0      		ldi r18,lo8(2)
 123 0036 2A95      	1:	dec r18
 124 0038 01F4      		brne 1b
 125 003a 00C0      		rjmp .
 126               	.LVL7:
 127               	.LBE110:
 128               	.LBE109:
  62:full.c        ****         _delay_us(1);
  63:full.c        ****         DS1302_PORT &= ~(1 << DS1302_CLK);
 129               		.loc 1 63 0 discriminator 2
 130 003c 5A98      		cbi 0xb,2
 131               	.LVL8:
 132               	.LBB111:
 133               	.LBB112:
 134               		.loc 2 276 0 discriminator 2
 135 003e 22E0      		ldi r18,lo8(2)
 136 0040 2A95      	1:	dec r18
 137 0042 01F4      		brne 1b
 138 0044 00C0      		rjmp .
 139               	.LVL9:
 140               	.LBE112:
 141               	.LBE111:
  64:full.c        ****         _delay_us(1);
  65:full.c        ****         data >>= 1;
 142               		.loc 1 65 0 discriminator 2
 143 0046 8695      		lsr r24
 144               	.LVL10:
 145 0048 9150      		subi r25,lo8(-(-1))
 146               	.LVL11:
  58:full.c        ****         if (data & 0x01) DS1302_PORT |= (1 << DS1302_IO);
 147               		.loc 1 58 0 discriminator 2
 148 004a 01F4      		brne .L7
 149               	/* epilogue start */
 150               	.LBE108:
  66:full.c        ****     }
  67:full.c        **** }
 151               		.loc 1 67 0
 152 004c 0895      		ret
 153               		.cfi_endproc
 154               	.LFE9:
 156               	.global	ds1302_read_byte
 158               	ds1302_read_byte:
 159               	.LFB10:
  68:full.c        **** 
  69:full.c        **** uint8_t ds1302_read_byte(void) {
 160               		.loc 1 69 0
 161               		.cfi_startproc
 162               	/* prologue: function */
 163               	/* frame size = 0 */
 164               	/* stack size = 0 */
 165               	.L__stack_usage = 0
 166               	.LVL12:
  70:full.c        ****     uint8_t data = 0;
  71:full.c        ****     DS1302_DDR &= ~(1 << DS1302_IO);
 167               		.loc 1 71 0
 168 004e 5398      		cbi 0xa,3
 169               	.LVL13:
 170 0050 98E0      		ldi r25,lo8(8)
  70:full.c        ****     uint8_t data = 0;
 171               		.loc 1 70 0
 172 0052 80E0      		ldi r24,0
 173               	.LVL14:
 174               	.L12:
 175               	.LBB113:
  72:full.c        ****     for (uint8_t i = 0; i < 8; i++) {
  73:full.c        ****         data >>= 1;
 176               		.loc 1 73 0
 177 0054 8695      		lsr r24
 178               	.LVL15:
  74:full.c        ****         if (DS1302_PIN & (1 << DS1302_IO)) data |= 0x80;
 179               		.loc 1 74 0
 180 0056 4B99      		sbic 0x9,3
 181               		.loc 1 74 0 is_stmt 0 discriminator 1
 182 0058 8068      		ori r24,lo8(-128)
 183               	.LVL16:
 184               	.L11:
  75:full.c        ****         DS1302_PORT |= (1 << DS1302_CLK);
 185               		.loc 1 75 0 is_stmt 1 discriminator 2
 186 005a 5A9A      		sbi 0xb,2
 187               	.LVL17:
 188               	.LBB114:
 189               	.LBB115:
 190               		.loc 2 276 0 discriminator 2
 191 005c 22E0      		ldi r18,lo8(2)
 192 005e 2A95      	1:	dec r18
 193 0060 01F4      		brne 1b
 194 0062 00C0      		rjmp .
 195               	.LVL18:
 196               	.LBE115:
 197               	.LBE114:
  76:full.c        ****         _delay_us(1);
  77:full.c        ****         DS1302_PORT &= ~(1 << DS1302_CLK);
 198               		.loc 1 77 0 discriminator 2
 199 0064 5A98      		cbi 0xb,2
 200               	.LVL19:
 201               	.LBB116:
 202               	.LBB117:
 203               		.loc 2 276 0 discriminator 2
 204 0066 22E0      		ldi r18,lo8(2)
 205 0068 2A95      	1:	dec r18
 206 006a 01F4      		brne 1b
 207 006c 00C0      		rjmp .
 208               	.LVL20:
 209 006e 9150      		subi r25,lo8(-(-1))
 210               	.LVL21:
 211               	.LBE117:
 212               	.LBE116:
  72:full.c        ****         data >>= 1;
 213               		.loc 1 72 0 discriminator 2
 214 0070 01F4      		brne .L12
 215               	.LBE113:
  78:full.c        ****         _delay_us(1);
  79:full.c        ****     }
  80:full.c        ****     DS1302_DDR |= (1 << DS1302_IO);
 216               		.loc 1 80 0
 217 0072 539A      		sbi 0xa,3
  81:full.c        ****     return data;
  82:full.c        **** }
 218               		.loc 1 82 0
 219 0074 0895      		ret
 220               		.cfi_endproc
 221               	.LFE10:
 223               	.global	bcd_to_dec
 225               	bcd_to_dec:
 226               	.LFB11:
  83:full.c        **** 
  84:full.c        **** uint8_t bcd_to_dec(uint8_t bcd) { return ((bcd >> 4) * 10) + (bcd & 0x0F); }
 227               		.loc 1 84 0
 228               		.cfi_startproc
 229               	.LVL22:
 230               	/* prologue: function */
 231               	/* frame size = 0 */
 232               	/* stack size = 0 */
 233               	.L__stack_usage = 0
 234               		.loc 1 84 0
 235 0076 982F      		mov r25,r24
 236 0078 9295      		swap r25
 237 007a 9F70      		andi r25,lo8(15)
 238 007c 8F70      		andi r24,lo8(15)
 239               	.LVL23:
 240 007e 2AE0      		ldi r18,lo8(10)
 241 0080 929F      		mul r25,r18
 242 0082 800D      		add r24,r0
 243 0084 1124      		clr __zero_reg__
 244 0086 0895      		ret
 245               		.cfi_endproc
 246               	.LFE11:
 248               	.global	dec_to_bcd
 250               	dec_to_bcd:
 251               	.LFB12:
  85:full.c        **** uint8_t dec_to_bcd(uint8_t dec) { return ((dec / 10) << 4) | (dec % 10); }
 252               		.loc 1 85 0
 253               		.cfi_startproc
 254               	.LVL24:
 255               	/* prologue: function */
 256               	/* frame size = 0 */
 257               	/* stack size = 0 */
 258               	.L__stack_usage = 0
 259               		.loc 1 85 0
 260 0088 6AE0      		ldi r22,lo8(10)
 261 008a 0E94 0000 		call __udivmodqi4
 262               	.LVL25:
 263 008e 292F      		mov r18,r25
 264 0090 30E1      		ldi r19,lo8(16)
 265 0092 839F      		mul r24,r19
 266 0094 C001      		movw r24,r0
 267 0096 1124      		clr __zero_reg__
 268 0098 822B      		or r24,r18
 269 009a 0895      		ret
 270               		.cfi_endproc
 271               	.LFE12:
 273               	.global	ds1302_write
 275               	ds1302_write:
 276               	.LFB13:
  86:full.c        **** 
  87:full.c        **** void ds1302_write(uint8_t addr, uint8_t data) {
 277               		.loc 1 87 0
 278               		.cfi_startproc
 279               	.LVL26:
 280 009c CF93      		push r28
 281               	.LCFI0:
 282               		.cfi_def_cfa_offset 3
 283               		.cfi_offset 28, -2
 284 009e DF93      		push r29
 285               	.LCFI1:
 286               		.cfi_def_cfa_offset 4
 287               		.cfi_offset 29, -3
 288               	/* prologue: function */
 289               	/* frame size = 0 */
 290               	/* stack size = 2 */
 291               	.L__stack_usage = 2
 292 00a0 D82F      		mov r29,r24
 293 00a2 C62F      		mov r28,r22
  88:full.c        ****     ds1302_start();
 294               		.loc 1 88 0
 295 00a4 0E94 0000 		call ds1302_start
 296               	.LVL27:
  89:full.c        ****     ds1302_write_byte(addr);
 297               		.loc 1 89 0
 298 00a8 8D2F      		mov r24,r29
 299 00aa 0E94 0000 		call ds1302_write_byte
 300               	.LVL28:
  90:full.c        ****     ds1302_write_byte(data);
 301               		.loc 1 90 0
 302 00ae 8C2F      		mov r24,r28
 303 00b0 0E94 0000 		call ds1302_write_byte
 304               	.LVL29:
 305               	/* epilogue start */
  91:full.c        ****     ds1302_stop();
  92:full.c        **** }
 306               		.loc 1 92 0
 307 00b4 DF91      		pop r29
 308               	.LVL30:
 309 00b6 CF91      		pop r28
 310               	.LVL31:
  91:full.c        ****     ds1302_stop();
 311               		.loc 1 91 0
 312 00b8 0C94 0000 		jmp ds1302_stop
 313               	.LVL32:
 314               		.cfi_endproc
 315               	.LFE13:
 317               	.global	ds1302_read
 319               	ds1302_read:
 320               	.LFB14:
  93:full.c        **** 
  94:full.c        **** uint8_t ds1302_read(uint8_t addr) {
 321               		.loc 1 94 0
 322               		.cfi_startproc
 323               	.LVL33:
 324 00bc CF93      		push r28
 325               	.LCFI2:
 326               		.cfi_def_cfa_offset 3
 327               		.cfi_offset 28, -2
 328               	/* prologue: function */
 329               	/* frame size = 0 */
 330               	/* stack size = 1 */
 331               	.L__stack_usage = 1
 332 00be C82F      		mov r28,r24
  95:full.c        ****     uint8_t data;
  96:full.c        ****     ds1302_start();
 333               		.loc 1 96 0
 334 00c0 0E94 0000 		call ds1302_start
 335               	.LVL34:
  97:full.c        ****     ds1302_write_byte(addr | 0x01);
 336               		.loc 1 97 0
 337 00c4 8C2F      		mov r24,r28
 338 00c6 8160      		ori r24,lo8(1)
 339 00c8 0E94 0000 		call ds1302_write_byte
 340               	.LVL35:
  98:full.c        ****     data = ds1302_read_byte();
 341               		.loc 1 98 0
 342 00cc 0E94 0000 		call ds1302_read_byte
 343               	.LVL36:
 344 00d0 C82F      		mov r28,r24
 345               	.LVL37:
  99:full.c        ****     ds1302_stop();
 346               		.loc 1 99 0
 347 00d2 0E94 0000 		call ds1302_stop
 348               	.LVL38:
 100:full.c        ****     return data;
 101:full.c        **** }
 349               		.loc 1 101 0
 350 00d6 8C2F      		mov r24,r28
 351               	/* epilogue start */
 352 00d8 CF91      		pop r28
 353               	.LVL39:
 354 00da 0895      		ret
 355               		.cfi_endproc
 356               	.LFE14:
 358               	.global	ds1302_set_time
 360               	ds1302_set_time:
 361               	.LFB15:
 102:full.c        **** 
 103:full.c        **** void ds1302_set_time(uint8_t h, uint8_t m, uint8_t s) {
 362               		.loc 1 103 0
 363               		.cfi_startproc
 364               	.LVL40:
 365 00dc 1F93      		push r17
 366               	.LCFI3:
 367               		.cfi_def_cfa_offset 3
 368               		.cfi_offset 17, -2
 369 00de CF93      		push r28
 370               	.LCFI4:
 371               		.cfi_def_cfa_offset 4
 372               		.cfi_offset 28, -3
 373 00e0 DF93      		push r29
 374               	.LCFI5:
 375               		.cfi_def_cfa_offset 5
 376               		.cfi_offset 29, -4
 377               	/* prologue: function */
 378               	/* frame size = 0 */
 379               	/* stack size = 3 */
 380               	.L__stack_usage = 3
 381 00e2 C82F      		mov r28,r24
 382 00e4 D62F      		mov r29,r22
 383 00e6 142F      		mov r17,r20
 104:full.c        ****     ds1302_write(0x8E, 0x00);
 384               		.loc 1 104 0
 385 00e8 60E0      		ldi r22,0
 386               	.LVL41:
 387 00ea 8EE8      		ldi r24,lo8(-114)
 388               	.LVL42:
 389 00ec 0E94 0000 		call ds1302_write
 390               	.LVL43:
 105:full.c        ****     ds1302_write(0x80, dec_to_bcd(s));
 391               		.loc 1 105 0
 392 00f0 812F      		mov r24,r17
 393 00f2 0E94 0000 		call dec_to_bcd
 394               	.LVL44:
 395 00f6 682F      		mov r22,r24
 396 00f8 80E8      		ldi r24,lo8(-128)
 397 00fa 0E94 0000 		call ds1302_write
 398               	.LVL45:
 106:full.c        ****     ds1302_write(0x82, dec_to_bcd(m));
 399               		.loc 1 106 0
 400 00fe 8D2F      		mov r24,r29
 401 0100 0E94 0000 		call dec_to_bcd
 402               	.LVL46:
 403 0104 682F      		mov r22,r24
 404 0106 82E8      		ldi r24,lo8(-126)
 405 0108 0E94 0000 		call ds1302_write
 406               	.LVL47:
 107:full.c        ****     ds1302_write(0x84, dec_to_bcd(h));
 407               		.loc 1 107 0
 408 010c 8C2F      		mov r24,r28
 409 010e 0E94 0000 		call dec_to_bcd
 410               	.LVL48:
 411 0112 682F      		mov r22,r24
 412 0114 84E8      		ldi r24,lo8(-124)
 413 0116 0E94 0000 		call ds1302_write
 414               	.LVL49:
 108:full.c        ****     ds1302_write(0x8E, 0x80);
 415               		.loc 1 108 0
 416 011a 60E8      		ldi r22,lo8(-128)
 417 011c 8EE8      		ldi r24,lo8(-114)
 418               	/* epilogue start */
 109:full.c        **** }
 419               		.loc 1 109 0
 420 011e DF91      		pop r29
 421               	.LVL50:
 422 0120 CF91      		pop r28
 423               	.LVL51:
 424 0122 1F91      		pop r17
 425               	.LVL52:
 108:full.c        ****     ds1302_write(0x8E, 0x80);
 426               		.loc 1 108 0
 427 0124 0C94 0000 		jmp ds1302_write
 428               	.LVL53:
 429               		.cfi_endproc
 430               	.LFE15:
 432               	.global	ds1302_get_time
 434               	ds1302_get_time:
 435               	.LFB16:
 110:full.c        **** 
 111:full.c        **** void ds1302_get_time(uint8_t *h, uint8_t *m, uint8_t *s) {
 436               		.loc 1 111 0
 437               		.cfi_startproc
 438               	.LVL54:
 439 0128 EF92      		push r14
 440               	.LCFI6:
 441               		.cfi_def_cfa_offset 3
 442               		.cfi_offset 14, -2
 443 012a FF92      		push r15
 444               	.LCFI7:
 445               		.cfi_def_cfa_offset 4
 446               		.cfi_offset 15, -3
 447 012c 0F93      		push r16
 448               	.LCFI8:
 449               		.cfi_def_cfa_offset 5
 450               		.cfi_offset 16, -4
 451 012e 1F93      		push r17
 452               	.LCFI9:
 453               		.cfi_def_cfa_offset 6
 454               		.cfi_offset 17, -5
 455 0130 CF93      		push r28
 456               	.LCFI10:
 457               		.cfi_def_cfa_offset 7
 458               		.cfi_offset 28, -6
 459 0132 DF93      		push r29
 460               	.LCFI11:
 461               		.cfi_def_cfa_offset 8
 462               		.cfi_offset 29, -7
 463               	/* prologue: function */
 464               	/* frame size = 0 */
 465               	/* stack size = 6 */
 466               	.L__stack_usage = 6
 467 0134 EC01      		movw r28,r24
 468 0136 8B01      		movw r16,r22
 469 0138 7A01      		movw r14,r20
 112:full.c        ****     *s = bcd_to_dec(ds1302_read(0x80));
 470               		.loc 1 112 0
 471 013a 80E8      		ldi r24,lo8(-128)
 472               	.LVL55:
 473 013c 0E94 0000 		call ds1302_read
 474               	.LVL56:
 475 0140 0E94 0000 		call bcd_to_dec
 476               	.LVL57:
 477 0144 F701      		movw r30,r14
 478 0146 8083      		st Z,r24
 113:full.c        ****     *m = bcd_to_dec(ds1302_read(0x82));
 479               		.loc 1 113 0
 480 0148 82E8      		ldi r24,lo8(-126)
 481 014a 0E94 0000 		call ds1302_read
 482               	.LVL58:
 483 014e 0E94 0000 		call bcd_to_dec
 484               	.LVL59:
 485 0152 F801      		movw r30,r16
 486 0154 8083      		st Z,r24
 114:full.c        ****     *h = bcd_to_dec(ds1302_read(0x84));
 487               		.loc 1 114 0
 488 0156 84E8      		ldi r24,lo8(-124)
 489 0158 0E94 0000 		call ds1302_read
 490               	.LVL60:
 491 015c 0E94 0000 		call bcd_to_dec
 492               	.LVL61:
 493 0160 8883      		st Y,r24
 494               	/* epilogue start */
 115:full.c        **** }
 495               		.loc 1 115 0
 496 0162 DF91      		pop r29
 497 0164 CF91      		pop r28
 498               	.LVL62:
 499 0166 1F91      		pop r17
 500 0168 0F91      		pop r16
 501               	.LVL63:
 502 016a FF90      		pop r15
 503 016c EF90      		pop r14
 504               	.LVL64:
 505 016e 0895      		ret
 506               		.cfi_endproc
 507               	.LFE16:
 509               	.global	button_pressed
 511               	button_pressed:
 512               	.LFB17:
 116:full.c        **** 
 117:full.c        **** // -------------------- BUTTON READ --------------------
 118:full.c        **** uint8_t button_pressed(volatile uint8_t *pin_reg, uint8_t pin, uint8_t *last_state) {
 513               		.loc 1 118 0
 514               		.cfi_startproc
 515               	.LVL65:
 516               	/* prologue: function */
 517               	/* frame size = 0 */
 518               	/* stack size = 0 */
 519               	.L__stack_usage = 0
 520 0170 DC01      		movw r26,r24
 521 0172 FA01      		movw r30,r20
 119:full.c        ****     uint8_t current_state = !(*pin_reg & (1 << pin)); // Active-low
 522               		.loc 1 119 0
 523 0174 2C91      		ld r18,X
 524               	.LVL66:
 120:full.c        ****     if (current_state && !(*last_state)) {
 525               		.loc 1 120 0
 526 0176 30E0      		ldi r19,0
 527 0178 062E      		mov r0,r22
 528 017a 00C0      		rjmp 2f
 529               		1:
 530 017c 3595      		asr r19
 531 017e 2795      		ror r18
 532               		2:
 533 0180 0A94      		dec r0
 534 0182 02F4      		brpl 1b
 535               	.LVL67:
 536 0184 9081      		ld r25,Z
 537 0186 20FD      		sbrc r18,0
 538 0188 00C0      		rjmp .L24
 539               		.loc 1 120 0 is_stmt 0 discriminator 1
 540 018a 9111      		cpse r25,__zero_reg__
 541 018c 00C0      		rjmp .L31
 542               	.LVL68:
 543               	.LBB124:
 544               	.LBB125:
 187:/usr/lib/avr/include/util/delay.h **** 
 545               		.loc 2 187 0 is_stmt 1
 546 018e 2FEF      		ldi r18,lo8(95999)
 547 0190 86E7      		ldi r24,hi8(95999)
 548 0192 91E0      		ldi r25,hlo8(95999)
 549 0194 2150      	1:	subi r18,1
 550 0196 8040      		sbci r24,0
 551 0198 9040      		sbci r25,0
 552 019a 01F4      		brne 1b
 553               	.LVL69:
 554 019c 00C0      		rjmp .
 555 019e 0000      		nop
 556               	.LVL70:
 557               	.LBE125:
 558               	.LBE124:
 121:full.c        ****         _delay_ms(60); // debounce
 122:full.c        ****         current_state = !(*pin_reg & (1 << pin));
 559               		.loc 1 122 0
 560 01a0 8C91      		ld r24,X
 561               	.LVL71:
 123:full.c        ****         if (current_state) {
 562               		.loc 1 123 0
 563 01a2 90E0      		ldi r25,0
 564 01a4 00C0      		rjmp 2f
 565               		1:
 566 01a6 9595      		asr r25
 567 01a8 8795      		ror r24
 568               		2:
 569 01aa 6A95      		dec r22
 570 01ac 02F4      		brpl 1b
 571               	.LVL72:
 572 01ae 80FD      		sbrc r24,0
 573 01b0 00C0      		rjmp .L31
 124:full.c        ****             *last_state = 1;
 574               		.loc 1 124 0
 575 01b2 81E0      		ldi r24,lo8(1)
 576 01b4 8083      		st Z,r24
 125:full.c        ****             return 1;
 577               		.loc 1 125 0
 578 01b6 0895      		ret
 579               	.LVL73:
 580               	.L24:
 581               	.LBB126:
 582               	.LBB127:
 126:full.c        ****         }
 127:full.c        ****     } else if (!current_state && *last_state) {
 583               		.loc 1 127 0
 584 01b8 9111      		cpse r25,__zero_reg__
 128:full.c        ****         *last_state = 0;
 585               		.loc 1 128 0
 586 01ba 1082      		st Z,__zero_reg__
 587               	.LVL74:
 588               	.L31:
 589 01bc 80E0      		ldi r24,0
 590               	.LBE127:
 591               	.LBE126:
 129:full.c        ****     }
 130:full.c        ****     return 0;
 131:full.c        **** }
 592               		.loc 1 131 0
 593 01be 0895      		ret
 594               		.cfi_endproc
 595               	.LFE17:
 597               	.global	buzzer_on
 599               	buzzer_on:
 600               	.LFB18:
 132:full.c        **** 
 133:full.c        **** // -------------------- BUZZER --------------------
 134:full.c        **** void buzzer_on() { PORTB |= (1 << BUZZER); }
 601               		.loc 1 134 0
 602               		.cfi_startproc
 603               	/* prologue: function */
 604               	/* frame size = 0 */
 605               	/* stack size = 0 */
 606               	.L__stack_usage = 0
 607               		.loc 1 134 0
 608 01c0 2C9A      		sbi 0x5,4
 609 01c2 0895      		ret
 610               		.cfi_endproc
 611               	.LFE18:
 613               	.global	buzzer_off
 615               	buzzer_off:
 616               	.LFB19:
 135:full.c        **** void buzzer_off() { PORTB &= ~(1 << BUZZER); }
 617               		.loc 1 135 0
 618               		.cfi_startproc
 619               	/* prologue: function */
 620               	/* frame size = 0 */
 621               	/* stack size = 0 */
 622               	.L__stack_usage = 0
 623               		.loc 1 135 0
 624 01c4 2C98      		cbi 0x5,4
 625 01c6 0895      		ret
 626               		.cfi_endproc
 627               	.LFE19:
 629               	.global	servo_upper_init
 631               	servo_upper_init:
 632               	.LFB20:
 136:full.c        **** 
 137:full.c        **** // -------------------- SERVO UPPER (PB2) --------------------
 138:full.c        **** void servo_upper_init() {
 633               		.loc 1 138 0
 634               		.cfi_startproc
 635               	/* prologue: function */
 636               	/* frame size = 0 */
 637               	/* stack size = 0 */
 638               	.L__stack_usage = 0
 139:full.c        ****     DDRB |= (1 << SERVO_UPPER);
 639               		.loc 1 139 0
 640 01c8 229A      		sbi 0x4,2
 140:full.c        ****     ICR1 = 39999; 
 641               		.loc 1 140 0
 642 01ca 8FE3      		ldi r24,lo8(63)
 643 01cc 9CE9      		ldi r25,lo8(-100)
 644 01ce 9093 8700 		sts 134+1,r25
 645 01d2 8093 8600 		sts 134,r24
 141:full.c        ****     TCCR1A = (1 << COM1B1) | (1 << WGM11);
 646               		.loc 1 141 0
 647 01d6 82E2      		ldi r24,lo8(34)
 648 01d8 8093 8000 		sts 128,r24
 142:full.c        ****     TCCR1B = (1 << WGM13) | (1 << WGM12) | (1 << CS11);
 649               		.loc 1 142 0
 650 01dc 8AE1      		ldi r24,lo8(26)
 651 01de 8093 8100 		sts 129,r24
 652 01e2 0895      		ret
 653               		.cfi_endproc
 654               	.LFE20:
 656               	.global	servo_upper_angle
 658               	servo_upper_angle:
 659               	.LFB21:
 143:full.c        **** }
 144:full.c        **** 
 145:full.c        **** void servo_upper_angle(uint8_t angle) {
 660               		.loc 1 145 0
 661               		.cfi_startproc
 662               	.LVL75:
 663               	/* prologue: function */
 664               	/* frame size = 0 */
 665               	/* stack size = 0 */
 666               	.L__stack_usage = 0
 146:full.c        ****     uint32_t pulse = 500 + ((angle * 1900UL) / 180);
 147:full.c        ****     OCR1B = pulse;
 667               		.loc 1 147 0
 668 01e4 282F      		mov r18,r24
 669 01e6 30E0      		ldi r19,0
 670 01e8 ACE6      		ldi r26,lo8(108)
 671 01ea B7E0      		ldi r27,lo8(7)
 672 01ec 0E94 0000 		call __umulhisi3
 673 01f0 24EB      		ldi r18,lo8(-76)
 674 01f2 30E0      		ldi r19,0
 675 01f4 40E0      		ldi r20,0
 676 01f6 50E0      		ldi r21,0
 677 01f8 0E94 0000 		call __udivmodsi4
 678 01fc DA01      		movw r26,r20
 679 01fe C901      		movw r24,r18
 680               	.LVL76:
 681 0200 8C50      		subi r24,12
 682 0202 9E4F      		sbci r25,-2
 683 0204 AF4F      		sbci r26,-1
 684 0206 BF4F      		sbci r27,-1
 685 0208 9093 8B00 		sts 138+1,r25
 686 020c 8093 8A00 		sts 138,r24
 687 0210 0895      		ret
 688               		.cfi_endproc
 689               	.LFE21:
 691               	.global	servo_lower_init
 693               	servo_lower_init:
 694               	.LFB22:
 148:full.c        **** }
 149:full.c        **** 
 150:full.c        **** // -------------------- SERVO LOWER (PB3) --------------------
 151:full.c        **** void servo_lower_init() {
 695               		.loc 1 151 0
 696               		.cfi_startproc
 697               	/* prologue: function */
 698               	/* frame size = 0 */
 699               	/* stack size = 0 */
 700               	.L__stack_usage = 0
 152:full.c        ****     DDRB |= (1 << SERVO_LOWER);
 701               		.loc 1 152 0
 702 0212 239A      		sbi 0x4,3
 153:full.c        ****     TCCR2A = (1 << COM2A1) | (1 << WGM21) | (1 << WGM20);
 703               		.loc 1 153 0
 704 0214 83E8      		ldi r24,lo8(-125)
 705 0216 8093 B000 		sts 176,r24
 154:full.c        ****     TCCR2B = (1 << CS22) | (1 << CS20);
 706               		.loc 1 154 0
 707 021a 85E0      		ldi r24,lo8(5)
 708 021c 8093 B100 		sts 177,r24
 155:full.c        ****     OCR2A = 94;
 709               		.loc 1 155 0
 710 0220 8EE5      		ldi r24,lo8(94)
 711 0222 8093 B300 		sts 179,r24
 712 0226 0895      		ret
 713               		.cfi_endproc
 714               	.LFE22:
 716               	.global	servo_lower_angle
 718               	servo_lower_angle:
 719               	.LFB23:
 156:full.c        **** }
 157:full.c        **** 
 158:full.c        **** void servo_lower_angle(uint8_t angle) {
 720               		.loc 1 158 0
 721               		.cfi_startproc
 722               	.LVL77:
 723               	/* prologue: function */
 724               	/* frame size = 0 */
 725               	/* stack size = 0 */
 726               	.L__stack_usage = 0
 159:full.c        ****     uint32_t pulse = 500 + ((angle * 2000UL) / 180);
 160:full.c        ****     OCR2A = pulse / 16;
 727               		.loc 1 160 0
 728 0228 282F      		mov r18,r24
 729 022a 30E0      		ldi r19,0
 730 022c A0ED      		ldi r26,lo8(-48)
 731 022e B7E0      		ldi r27,lo8(7)
 732 0230 0E94 0000 		call __umulhisi3
 733 0234 24EB      		ldi r18,lo8(-76)
 734 0236 30E0      		ldi r19,0
 735 0238 40E0      		ldi r20,0
 736 023a 50E0      		ldi r21,0
 737 023c 0E94 0000 		call __udivmodsi4
 738 0240 DA01      		movw r26,r20
 739 0242 C901      		movw r24,r18
 740               	.LVL78:
 741 0244 8C50      		subi r24,12
 742 0246 9E4F      		sbci r25,-2
 743 0248 AF4F      		sbci r26,-1
 744 024a BF4F      		sbci r27,-1
 745 024c 24E0      		ldi r18,4
 746               		1:
 747 024e B695      		lsr r27
 748 0250 A795      		ror r26
 749 0252 9795      		ror r25
 750 0254 8795      		ror r24
 751 0256 2A95      		dec r18
 752 0258 01F4      		brne 1b
 753 025a 8093 B300 		sts 179,r24
 754 025e 0895      		ret
 755               		.cfi_endproc
 756               	.LFE23:
 758               	.global	ultrasonic_init
 760               	ultrasonic_init:
 761               	.LFB24:
 161:full.c        **** }
 162:full.c        **** 
 163:full.c        **** // -------------------- ULTRASONIC --------------------
 164:full.c        **** void ultrasonic_init() {
 762               		.loc 1 164 0
 763               		.cfi_startproc
 764               	/* prologue: function */
 765               	/* frame size = 0 */
 766               	/* stack size = 0 */
 767               	.L__stack_usage = 0
 165:full.c        ****     DDRB |= (1 << TRIG);
 768               		.loc 1 165 0
 769 0260 209A      		sbi 0x4,0
 166:full.c        ****     DDRB &= ~(1 << ECHO);
 770               		.loc 1 166 0
 771 0262 2198      		cbi 0x4,1
 772 0264 0895      		ret
 773               		.cfi_endproc
 774               	.LFE24:
 776               	.global	ultrasonic_read
 778               	ultrasonic_read:
 779               	.LFB25:
 167:full.c        **** }
 168:full.c        **** 
 169:full.c        **** uint16_t ultrasonic_read() {
 780               		.loc 1 169 0
 781               		.cfi_startproc
 782               	/* prologue: function */
 783               	/* frame size = 0 */
 784               	/* stack size = 0 */
 785               	.L__stack_usage = 0
 786               	.LVL79:
 170:full.c        ****     uint16_t count = 0;
 171:full.c        ****     PORTB &= ~(1 << TRIG);
 787               		.loc 1 171 0
 788 0266 2898      		cbi 0x5,0
 789               	.LVL80:
 790               	.LBB128:
 791               	.LBB129:
 792               		.loc 2 276 0
 793 0268 25E0      		ldi r18,lo8(5)
 794 026a 2A95      	1:	dec r18
 795 026c 01F4      		brne 1b
 796 026e 0000      		nop
 797               	.LVL81:
 798               	.LBE129:
 799               	.LBE128:
 172:full.c        ****     _delay_us(2);
 173:full.c        ****     PORTB |= (1 << TRIG);
 800               		.loc 1 173 0
 801 0270 289A      		sbi 0x5,0
 802               	.LVL82:
 803               	.LBB130:
 804               	.LBB131:
 805               		.loc 2 276 0
 806 0272 8AE1      		ldi r24,lo8(26)
 807 0274 8A95      	1:	dec r24
 808 0276 01F4      		brne 1b
 809 0278 00C0      		rjmp .
 810               	.LVL83:
 811               	.LBE131:
 812               	.LBE130:
 174:full.c        ****     _delay_us(10);
 175:full.c        ****     PORTB &= ~(1 << TRIG);
 813               		.loc 1 175 0
 814 027a 2898      		cbi 0x5,0
 815               	.L40:
 176:full.c        ****     while (!(PINB & (1 << ECHO)));
 816               		.loc 1 176 0 discriminator 1
 817 027c 199B      		sbis 0x3,1
 818 027e 00C0      		rjmp .L40
 819 0280 80E0      		ldi r24,0
 820 0282 90E0      		ldi r25,0
 821               	.LVL84:
 822               	.L41:
 177:full.c        ****     while (PINB & (1 << ECHO)) {
 823               		.loc 1 177 0
 824 0284 199B      		sbis 0x3,1
 825 0286 00C0      		rjmp .L45
 178:full.c        ****         count++;
 826               		.loc 1 178 0
 827 0288 0196      		adiw r24,1
 828               	.LVL85:
 829               	.LBB132:
 830               	.LBB133:
 831               		.loc 2 276 0
 832 028a 22E0      		ldi r18,lo8(2)
 833 028c 2A95      	1:	dec r18
 834 028e 01F4      		brne 1b
 835 0290 00C0      		rjmp .
 836 0292 00C0      		rjmp .L41
 837               	.LVL86:
 838               	.L45:
 839               	.LBE133:
 840               	.LBE132:
 179:full.c        ****         _delay_us(1);
 180:full.c        ****     }
 181:full.c        ****     return (count / 58);
 841               		.loc 1 181 0
 842 0294 6AE3      		ldi r22,lo8(58)
 843 0296 70E0      		ldi r23,0
 844 0298 0E94 0000 		call __udivmodhi4
 845               	.LVL87:
 846 029c CB01      		movw r24,r22
 182:full.c        **** }
 847               		.loc 1 182 0
 848 029e 0895      		ret
 849               		.cfi_endproc
 850               	.LFE25:
 852               		.section	.rodata.str1.1,"aMS",@progbits,1
 853               	.LC0:
 854 0000 4872 00   		.string	"Hr"
 855               	.LC1:
 856 0003 4D6E 00   		.string	"Mn"
 857               	.LC2:
 858 0006 5469 6D65 		.string	"Time %02d:%02d:%02d  "
 858      2025 3032 
 858      643A 2530 
 858      3264 3A25 
 858      3032 6420 
 859               	.LC3:
 860 001c 4120 2530 		.string	"A %02d:%02d B %02d:%02d"
 860      3264 3A25 
 860      3032 6420 
 860      4220 2530 
 860      3264 3A25 
 861               	.LC4:
 862 0034 5365 7420 		.string	"Set T %s %02d:%02d  "
 862      5420 2573 
 862      2025 3032 
 862      643A 2530 
 862      3264 2020 
 863               	.LC5:
 864 0049 5365 7420 		.string	"Set A %s %02d:%02d"
 864      4120 2573 
 864      2025 3032 
 864      643A 2530 
 864      3264 00
 865               	.LC6:
 866 005c 5365 7420 		.string	"Set B %s %02d:%02d"
 866      4220 2573 
 866      2025 3032 
 866      643A 2530 
 866      3264 00
 867               	.LC7:
 868 006f 416C 6172 		.string	"Alarm1: Waiting"
 868      6D31 3A20 
 868      5761 6974 
 868      696E 6700 
 869               	.LC8:
 870 007f 4861 6E64 		.string	"Hand Detected"
 870      2044 6574 
 870      6563 7465 
 870      6400 
 871               	.LC9:
 872 008d 2020 2020 		.string	"                "
 872      2020 2020 
 872      2020 2020 
 872      2020 2020 
 872      00
 873               	.LC10:
 874 009e 416C 6172 		.string	"Alarm2: Waiting"
 874      6D32 3A20 
 874      5761 6974 
 874      696E 6700 
 875               	.LC11:
 876 00ae 4E6F 2048 		.string	"No Hand -> Off"
 876      616E 6420 
 876      2D3E 204F 
 876      6666 00
 877               	.LC12:
 878 00bd 4E6F 2048 		.string	"No Hand Action"
 878      616E 6420 
 878      4163 7469 
 878      6F6E 00
 879               		.section	.text.startup,"ax",@progbits
 880               	.global	main
 882               	main:
 883               	.LFB26:
 183:full.c        **** 
 184:full.c        **** // -------------------- MAIN --------------------
 185:full.c        **** int main(void) {
 884               		.loc 1 185 0
 885               		.cfi_startproc
 886 0000 CF93      		push r28
 887               	.LCFI12:
 888               		.cfi_def_cfa_offset 3
 889               		.cfi_offset 28, -2
 890 0002 DF93      		push r29
 891               	.LCFI13:
 892               		.cfi_def_cfa_offset 4
 893               		.cfi_offset 29, -3
 894 0004 00D0      		rcall .
 895 0006 00D0      		rcall .
 896               	.LCFI14:
 897               		.cfi_def_cfa_offset 8
 898 0008 CDB7      		in r28,__SP_L__
 899 000a DEB7      		in r29,__SP_H__
 900               	.LCFI15:
 901               		.cfi_def_cfa_register 28
 902               	/* prologue: function */
 903               	/* frame size = 4 */
 904               	/* stack size = 6 */
 905               	.L__stack_usage = 6
 186:full.c        ****     uint8_t hour, min, sec;
 187:full.c        **** 
 188:full.c        ****     lcd_init();
 906               		.loc 1 188 0
 907 000c 0E94 0000 		call lcd_init
 908               	.LVL88:
 189:full.c        ****     lcd_clear();
 909               		.loc 1 189 0
 910 0010 0E94 0000 		call lcd_clear
 911               	.LVL89:
 190:full.c        ****     ds1302_init();
 912               		.loc 1 190 0
 913 0014 0E94 0000 		call ds1302_init
 914               	.LVL90:
 191:full.c        ****     servo_upper_init();
 915               		.loc 1 191 0
 916 0018 0E94 0000 		call servo_upper_init
 917               	.LVL91:
 192:full.c        ****     servo_lower_init();
 918               		.loc 1 192 0
 919 001c 0E94 0000 		call servo_lower_init
 920               	.LVL92:
 193:full.c        ****     ultrasonic_init();
 921               		.loc 1 193 0
 922 0020 0E94 0000 		call ultrasonic_init
 923               	.LVL93:
 924               	.LBB134:
 925               	.LBB135:
 147:full.c        **** }
 926               		.loc 1 147 0
 927 0024 84EF      		ldi r24,lo8(-12)
 928 0026 91E0      		ldi r25,lo8(1)
 929 0028 9093 8B00 		sts 138+1,r25
 930 002c 8093 8A00 		sts 138,r24
 931               	.LVL94:
 932               	.LBE135:
 933               	.LBE134:
 934               	.LBB136:
 935               	.LBB137:
 160:full.c        **** }
 936               		.loc 1 160 0
 937 0030 8FE1      		ldi r24,lo8(31)
 938 0032 8093 B300 		sts 179,r24
 939               	.LVL95:
 940               	.LBE137:
 941               	.LBE136:
 194:full.c        **** 	// **Set initial servo positions**
 195:full.c        **** 	servo_upper_angle(0);   // Upper servo to 0° at startup
 196:full.c        **** 	servo_lower_angle(0);   // Lower servo to 0° at startup
 197:full.c        ****     DDRB &= ~(1 << BTN_SET); PORTB |= (1 << BTN_SET);
 942               		.loc 1 197 0
 943 0036 2598      		cbi 0x4,5
 944 0038 2D9A      		sbi 0x5,5
 198:full.c        ****     DDRC &= ~((1 << BTN_NEXT) | (1 << BTN_UP)); PORTC |= (1 << BTN_NEXT) | (1 << BTN_UP);
 945               		.loc 1 198 0
 946 003a 87B1      		in r24,0x7
 947 003c 8F7C      		andi r24,lo8(-49)
 948 003e 87B9      		out 0x7,r24
 949 0040 88B1      		in r24,0x8
 950 0042 8063      		ori r24,lo8(48)
 951 0044 88B9      		out 0x8,r24
 199:full.c        ****     DDRD &= ~(1 << BTN_DOWN); PORTD |= (1 << BTN_DOWN);
 952               		.loc 1 199 0
 953 0046 5798      		cbi 0xa,7
 954 0048 5F9A      		sbi 0xb,7
 200:full.c        ****     DDRB |= (1 << BUZZER);
 955               		.loc 1 200 0
 956 004a 249A      		sbi 0x4,4
 201:full.c        **** 
 202:full.c        ****     ds1302_set_time(12, 0, 0);
 957               		.loc 1 202 0
 958 004c 40E0      		ldi r20,0
 959 004e 60E0      		ldi r22,0
 960 0050 8CE0      		ldi r24,lo8(12)
 961 0052 0E94 0000 		call ds1302_set_time
 962               	.LVL96:
 203:full.c        **** 
 204:full.c        ****     while (1) {
 205:full.c        ****         ds1302_get_time(&hour, &min, &sec);
 206:full.c        **** 
 207:full.c        ****         if (button_pressed(&PINB, BTN_SET, &last_btn_set)) {
 208:full.c        ****             if (mode == MODE_SET_TIME) {
 209:full.c        ****                 ds1302_set_time(set_hour, set_min, 0);
 210:full.c        ****             }
 211:full.c        ****             mode++;
 212:full.c        ****             if (mode > MODE_SET_ALARM2) mode = MODE_NORMAL;
 213:full.c        ****             edit_field = 0;
 214:full.c        ****             if (mode == MODE_SET_TIME) {
 215:full.c        ****                 uint8_t dummy_sec;
 216:full.c        ****                 ds1302_get_time(&set_hour, &set_min, &dummy_sec);
 217:full.c        ****             }
 218:full.c        ****         }
 219:full.c        ****         if (button_pressed(&PINC, BTN_NEXT, &last_btn_next) && mode != MODE_NORMAL) {
 220:full.c        ****             edit_field ^= 1;
 221:full.c        ****         }
 222:full.c        ****         if (mode == MODE_SET_TIME) {
 223:full.c        ****             if (button_pressed(&PINC, BTN_UP, &last_btn_up)) {
 224:full.c        ****                 if (edit_field == 0) set_hour = (set_hour + 1) % 24;
 225:full.c        ****                 else set_min = (set_min + 1) % 60;
 226:full.c        ****             }
 227:full.c        ****             if (button_pressed(&PIND, BTN_DOWN, &last_btn_down)) {
 228:full.c        ****                 if (edit_field == 0) set_hour = (set_hour + 23) % 24;
 229:full.c        ****                 else set_min = (set_min + 59) % 60;
 963               		.loc 1 229 0
 964 0056 0CE3      		ldi r16,lo8(60)
 965 0058 10E0      		ldi r17,0
 228:full.c        ****                 else set_min = (set_min + 59) % 60;
 966               		.loc 1 228 0
 967 005a 28E1      		ldi r18,lo8(24)
 968 005c E22E      		mov r14,r18
 969 005e F12C      		mov r15,__zero_reg__
 220:full.c        ****         }
 970               		.loc 1 220 0
 971 0060 3324      		clr r3
 972 0062 3394      		inc r3
 230:full.c        ****             }
 231:full.c        ****         }
 232:full.c        ****         if (mode == MODE_SET_ALARM1) {
 233:full.c        ****             if (button_pressed(&PINC, BTN_UP, &last_btn_up)) {
 234:full.c        ****                 if (edit_field == 0) alarm1_hour = (alarm1_hour + 1) % 24;
 235:full.c        ****                 else alarm1_min = (alarm1_min + 1) % 60;
 236:full.c        ****             }
 237:full.c        ****             if (button_pressed(&PIND, BTN_DOWN, &last_btn_down)) {
 238:full.c        ****                 if (edit_field == 0) alarm1_hour = (alarm1_hour + 23) % 24;
 239:full.c        ****                 else alarm1_min = (alarm1_min + 59) % 60;
 240:full.c        ****             }
 241:full.c        ****         }
 242:full.c        ****         if (mode == MODE_SET_ALARM2) {
 243:full.c        ****             if (button_pressed(&PINC, BTN_UP, &last_btn_up)) {
 244:full.c        ****                 if (edit_field == 0) alarm2_hour = (alarm2_hour + 1) % 24;
 245:full.c        ****                 else alarm2_min = (alarm2_min + 1) % 60;
 246:full.c        ****             }
 247:full.c        ****             if (button_pressed(&PIND, BTN_DOWN, &last_btn_down)) {
 248:full.c        ****                 if (edit_field == 0) alarm2_hour = (alarm2_hour + 23) % 24;
 249:full.c        ****                 else alarm2_min = (alarm2_min + 59) % 60;
 250:full.c        ****             }
 251:full.c        ****         }
 252:full.c        **** 
 253:full.c        ****         lcd_goto(0, 0);
 254:full.c        ****         lcd_printf("Time %02d:%02d:%02d  ", hour, min, sec);
 973               		.loc 1 254 0
 974 0064 30E0      		ldi r19,lo8(.LC2)
 975 0066 432E      		mov r4,r19
 976 0068 30E0      		ldi r19,hi8(.LC2)
 977 006a 532E      		mov r5,r19
 255:full.c        ****         lcd_goto(1, 0);
 256:full.c        ****         if (mode == MODE_NORMAL)
 257:full.c        ****             lcd_printf("A %02d:%02d B %02d:%02d", alarm1_hour, alarm1_min, alarm2_hour, alarm2_min)
 258:full.c        ****         else if (mode == MODE_SET_TIME)
 259:full.c        ****             lcd_printf("Set T %s %02d:%02d  ", (edit_field == 0) ? "Hr" : "Mn", set_hour, set_min);
 260:full.c        ****         else if (mode == MODE_SET_ALARM1)
 261:full.c        ****             lcd_printf("Set A %s %02d:%02d", (edit_field == 0) ? "Hr" : "Mn", alarm1_hour, alarm1_m
 262:full.c        ****         else if (mode == MODE_SET_ALARM2)
 263:full.c        ****             lcd_printf("Set B %s %02d:%02d", (edit_field == 0) ? "Hr" : "Mn", alarm2_hour, alarm2_m
 978               		.loc 1 263 0
 979 006c 40E0      		ldi r20,lo8(.LC6)
 980 006e 642E      		mov r6,r20
 981 0070 40E0      		ldi r20,hi8(.LC6)
 982 0072 742E      		mov r7,r20
 261:full.c        ****         else if (mode == MODE_SET_ALARM2)
 983               		.loc 1 261 0
 984 0074 50E0      		ldi r21,lo8(.LC5)
 985 0076 A52E      		mov r10,r21
 986 0078 50E0      		ldi r21,hi8(.LC5)
 987 007a B52E      		mov r11,r21
 259:full.c        ****         else if (mode == MODE_SET_ALARM1)
 988               		.loc 1 259 0
 989 007c 60E0      		ldi r22,lo8(.LC4)
 990 007e 862E      		mov r8,r22
 991 0080 60E0      		ldi r22,hi8(.LC4)
 992 0082 962E      		mov r9,r22
 993               	.L89:
 205:full.c        **** 
 994               		.loc 1 205 0
 995 0084 AE01      		movw r20,r28
 996 0086 4E5F      		subi r20,-2
 997 0088 5F4F      		sbci r21,-1
 998 008a BE01      		movw r22,r28
 999 008c 6D5F      		subi r22,-3
 1000 008e 7F4F      		sbci r23,-1
 1001 0090 CE01      		movw r24,r28
 1002 0092 0496      		adiw r24,4
 1003 0094 0E94 0000 		call ds1302_get_time
 1004               	.LVL97:
 207:full.c        ****             if (mode == MODE_SET_TIME) {
 1005               		.loc 1 207 0
 1006 0098 40E0      		ldi r20,lo8(last_btn_set)
 1007 009a 50E0      		ldi r21,hi8(last_btn_set)
 1008 009c 65E0      		ldi r22,lo8(5)
 1009 009e 83E2      		ldi r24,lo8(35)
 1010 00a0 90E0      		ldi r25,0
 1011 00a2 0E94 0000 		call button_pressed
 1012               	.LVL98:
 1013 00a6 8823      		tst r24
 1014 00a8 01F0      		breq .L48
 208:full.c        ****                 ds1302_set_time(set_hour, set_min, 0);
 1015               		.loc 1 208 0
 1016 00aa 8091 0000 		lds r24,mode
 1017 00ae 8130      		cpi r24,lo8(1)
 1018 00b0 01F4      		brne .L49
 209:full.c        ****             }
 1019               		.loc 1 209 0
 1020 00b2 40E0      		ldi r20,0
 1021 00b4 6091 0000 		lds r22,set_min
 1022 00b8 8091 0000 		lds r24,set_hour
 1023 00bc 0E94 0000 		call ds1302_set_time
 1024               	.LVL99:
 1025               	.L49:
 211:full.c        ****             if (mode > MODE_SET_ALARM2) mode = MODE_NORMAL;
 1026               		.loc 1 211 0
 1027 00c0 8091 0000 		lds r24,mode
 1028 00c4 8F5F      		subi r24,lo8(-(1))
 212:full.c        ****             edit_field = 0;
 1029               		.loc 1 212 0
 1030 00c6 8430      		cpi r24,lo8(4)
 1031 00c8 00F4      		brsh .L50
 211:full.c        ****             if (mode > MODE_SET_ALARM2) mode = MODE_NORMAL;
 1032               		.loc 1 211 0
 1033 00ca 8093 0000 		sts mode,r24
 1034 00ce 00C0      		rjmp .L51
 1035               	.L50:
 212:full.c        ****             edit_field = 0;
 1036               		.loc 1 212 0 discriminator 1
 1037 00d0 1092 0000 		sts mode,__zero_reg__
 1038               	.L51:
 213:full.c        ****             if (mode == MODE_SET_TIME) {
 1039               		.loc 1 213 0
 1040 00d4 1092 0000 		sts edit_field,__zero_reg__
 214:full.c        ****                 uint8_t dummy_sec;
 1041               		.loc 1 214 0
 1042 00d8 8091 0000 		lds r24,mode
 1043 00dc 8130      		cpi r24,lo8(1)
 1044 00de 01F4      		brne .L48
 1045               	.LBB138:
 216:full.c        ****             }
 1046               		.loc 1 216 0
 1047 00e0 AE01      		movw r20,r28
 1048 00e2 4F5F      		subi r20,-1
 1049 00e4 5F4F      		sbci r21,-1
 1050 00e6 60E0      		ldi r22,lo8(set_min)
 1051 00e8 70E0      		ldi r23,hi8(set_min)
 1052 00ea 80E0      		ldi r24,lo8(set_hour)
 1053 00ec 90E0      		ldi r25,hi8(set_hour)
 1054 00ee 0E94 0000 		call ds1302_get_time
 1055               	.LVL100:
 1056               	.L48:
 1057               	.LBE138:
 219:full.c        ****             edit_field ^= 1;
 1058               		.loc 1 219 0
 1059 00f2 40E0      		ldi r20,lo8(last_btn_next)
 1060 00f4 50E0      		ldi r21,hi8(last_btn_next)
 1061 00f6 64E0      		ldi r22,lo8(4)
 1062 00f8 86E2      		ldi r24,lo8(38)
 1063 00fa 90E0      		ldi r25,0
 1064 00fc 0E94 0000 		call button_pressed
 1065               	.LVL101:
 1066 0100 9091 0000 		lds r25,mode
 1067 0104 8823      		tst r24
 1068 0106 01F0      		breq .L53
 219:full.c        ****             edit_field ^= 1;
 1069               		.loc 1 219 0 is_stmt 0 discriminator 1
 1070 0108 9923      		tst r25
 1071 010a 01F4      		brne .+2
 1072 010c 00C0      		rjmp .L55
 220:full.c        ****         }
 1073               		.loc 1 220 0 is_stmt 1
 1074 010e 8091 0000 		lds r24,edit_field
 1075 0112 8325      		eor r24,r3
 1076 0114 8093 0000 		sts edit_field,r24
 1077               	.L53:
 222:full.c        ****             if (button_pressed(&PINC, BTN_UP, &last_btn_up)) {
 1078               		.loc 1 222 0
 1079 0118 9130      		cpi r25,lo8(1)
 1080 011a 01F0      		breq .+2
 1081 011c 00C0      		rjmp .L55
 223:full.c        ****                 if (edit_field == 0) set_hour = (set_hour + 1) % 24;
 1082               		.loc 1 223 0
 1083 011e 40E0      		ldi r20,lo8(last_btn_up)
 1084 0120 50E0      		ldi r21,hi8(last_btn_up)
 1085 0122 65E0      		ldi r22,lo8(5)
 1086 0124 86E2      		ldi r24,lo8(38)
 1087 0126 90E0      		ldi r25,0
 1088 0128 0E94 0000 		call button_pressed
 1089               	.LVL102:
 1090 012c 8823      		tst r24
 1091 012e 01F0      		breq .L56
 224:full.c        ****                 else set_min = (set_min + 1) % 60;
 1092               		.loc 1 224 0
 1093 0130 8091 0000 		lds r24,edit_field
 1094 0134 8111      		cpse r24,__zero_reg__
 1095 0136 00C0      		rjmp .L57
 224:full.c        ****                 else set_min = (set_min + 1) % 60;
 1096               		.loc 1 224 0 is_stmt 0 discriminator 1
 1097 0138 8091 0000 		lds r24,set_hour
 1098 013c 90E0      		ldi r25,0
 1099 013e 0196      		adiw r24,1
 1100 0140 B701      		movw r22,r14
 1101 0142 0E94 0000 		call __divmodhi4
 1102 0146 8093 0000 		sts set_hour,r24
 1103 014a 00C0      		rjmp .L56
 1104               	.L57:
 225:full.c        ****             }
 1105               		.loc 1 225 0 is_stmt 1
 1106 014c 8091 0000 		lds r24,set_min
 1107 0150 90E0      		ldi r25,0
 1108 0152 0196      		adiw r24,1
 1109 0154 B801      		movw r22,r16
 1110 0156 0E94 0000 		call __divmodhi4
 1111 015a 8093 0000 		sts set_min,r24
 1112               	.L56:
 227:full.c        ****                 if (edit_field == 0) set_hour = (set_hour + 23) % 24;
 1113               		.loc 1 227 0
 1114 015e 40E0      		ldi r20,lo8(last_btn_down)
 1115 0160 50E0      		ldi r21,hi8(last_btn_down)
 1116 0162 67E0      		ldi r22,lo8(7)
 1117 0164 89E2      		ldi r24,lo8(41)
 1118 0166 90E0      		ldi r25,0
 1119 0168 0E94 0000 		call button_pressed
 1120               	.LVL103:
 1121 016c 8823      		tst r24
 1122 016e 01F0      		breq .L55
 228:full.c        ****                 else set_min = (set_min + 59) % 60;
 1123               		.loc 1 228 0
 1124 0170 8091 0000 		lds r24,edit_field
 1125 0174 8111      		cpse r24,__zero_reg__
 1126 0176 00C0      		rjmp .L59
 228:full.c        ****                 else set_min = (set_min + 59) % 60;
 1127               		.loc 1 228 0 is_stmt 0 discriminator 1
 1128 0178 8091 0000 		lds r24,set_hour
 1129 017c 90E0      		ldi r25,0
 1130 017e 4796      		adiw r24,23
 1131 0180 B701      		movw r22,r14
 1132 0182 0E94 0000 		call __divmodhi4
 1133 0186 8093 0000 		sts set_hour,r24
 1134 018a 00C0      		rjmp .L55
 1135               	.L59:
 229:full.c        ****             }
 1136               		.loc 1 229 0 is_stmt 1
 1137 018c 8091 0000 		lds r24,set_min
 1138 0190 90E0      		ldi r25,0
 1139 0192 CB96      		adiw r24,59
 1140 0194 B801      		movw r22,r16
 1141 0196 0E94 0000 		call __divmodhi4
 1142 019a 8093 0000 		sts set_min,r24
 1143               	.L55:
 232:full.c        ****             if (button_pressed(&PINC, BTN_UP, &last_btn_up)) {
 1144               		.loc 1 232 0
 1145 019e 8091 0000 		lds r24,mode
 1146 01a2 8230      		cpi r24,lo8(2)
 1147 01a4 01F0      		breq .+2
 1148 01a6 00C0      		rjmp .L61
 233:full.c        ****                 if (edit_field == 0) alarm1_hour = (alarm1_hour + 1) % 24;
 1149               		.loc 1 233 0
 1150 01a8 40E0      		ldi r20,lo8(last_btn_up)
 1151 01aa 50E0      		ldi r21,hi8(last_btn_up)
 1152 01ac 65E0      		ldi r22,lo8(5)
 1153 01ae 86E2      		ldi r24,lo8(38)
 1154 01b0 90E0      		ldi r25,0
 1155 01b2 0E94 0000 		call button_pressed
 1156               	.LVL104:
 1157 01b6 8823      		tst r24
 1158 01b8 01F0      		breq .L62
 234:full.c        ****                 else alarm1_min = (alarm1_min + 1) % 60;
 1159               		.loc 1 234 0
 1160 01ba 8091 0000 		lds r24,edit_field
 1161 01be 8111      		cpse r24,__zero_reg__
 1162 01c0 00C0      		rjmp .L63
 234:full.c        ****                 else alarm1_min = (alarm1_min + 1) % 60;
 1163               		.loc 1 234 0 is_stmt 0 discriminator 1
 1164 01c2 8091 0000 		lds r24,alarm1_hour
 1165 01c6 90E0      		ldi r25,0
 1166 01c8 0196      		adiw r24,1
 1167 01ca B701      		movw r22,r14
 1168 01cc 0E94 0000 		call __divmodhi4
 1169 01d0 8093 0000 		sts alarm1_hour,r24
 1170 01d4 00C0      		rjmp .L62
 1171               	.L63:
 235:full.c        ****             }
 1172               		.loc 1 235 0 is_stmt 1
 1173 01d6 8091 0000 		lds r24,alarm1_min
 1174 01da 90E0      		ldi r25,0
 1175 01dc 0196      		adiw r24,1
 1176 01de B801      		movw r22,r16
 1177 01e0 0E94 0000 		call __divmodhi4
 1178 01e4 8093 0000 		sts alarm1_min,r24
 1179               	.L62:
 237:full.c        ****                 if (edit_field == 0) alarm1_hour = (alarm1_hour + 23) % 24;
 1180               		.loc 1 237 0
 1181 01e8 40E0      		ldi r20,lo8(last_btn_down)
 1182 01ea 50E0      		ldi r21,hi8(last_btn_down)
 1183 01ec 67E0      		ldi r22,lo8(7)
 1184 01ee 89E2      		ldi r24,lo8(41)
 1185 01f0 90E0      		ldi r25,0
 1186 01f2 0E94 0000 		call button_pressed
 1187               	.LVL105:
 1188 01f6 8823      		tst r24
 1189 01f8 01F0      		breq .L61
 238:full.c        ****                 else alarm1_min = (alarm1_min + 59) % 60;
 1190               		.loc 1 238 0
 1191 01fa 8091 0000 		lds r24,edit_field
 1192 01fe 8111      		cpse r24,__zero_reg__
 1193 0200 00C0      		rjmp .L65
 238:full.c        ****                 else alarm1_min = (alarm1_min + 59) % 60;
 1194               		.loc 1 238 0 is_stmt 0 discriminator 1
 1195 0202 8091 0000 		lds r24,alarm1_hour
 1196 0206 90E0      		ldi r25,0
 1197 0208 4796      		adiw r24,23
 1198 020a B701      		movw r22,r14
 1199 020c 0E94 0000 		call __divmodhi4
 1200 0210 8093 0000 		sts alarm1_hour,r24
 1201 0214 00C0      		rjmp .L61
 1202               	.L65:
 239:full.c        ****             }
 1203               		.loc 1 239 0 is_stmt 1
 1204 0216 8091 0000 		lds r24,alarm1_min
 1205 021a 90E0      		ldi r25,0
 1206 021c CB96      		adiw r24,59
 1207 021e B801      		movw r22,r16
 1208 0220 0E94 0000 		call __divmodhi4
 1209 0224 8093 0000 		sts alarm1_min,r24
 1210               	.L61:
 242:full.c        ****             if (button_pressed(&PINC, BTN_UP, &last_btn_up)) {
 1211               		.loc 1 242 0
 1212 0228 8091 0000 		lds r24,mode
 1213 022c 8330      		cpi r24,lo8(3)
 1214 022e 01F0      		breq .+2
 1215 0230 00C0      		rjmp .L67
 243:full.c        ****                 if (edit_field == 0) alarm2_hour = (alarm2_hour + 1) % 24;
 1216               		.loc 1 243 0
 1217 0232 40E0      		ldi r20,lo8(last_btn_up)
 1218 0234 50E0      		ldi r21,hi8(last_btn_up)
 1219 0236 65E0      		ldi r22,lo8(5)
 1220 0238 86E2      		ldi r24,lo8(38)
 1221 023a 90E0      		ldi r25,0
 1222 023c 0E94 0000 		call button_pressed
 1223               	.LVL106:
 1224 0240 8823      		tst r24
 1225 0242 01F0      		breq .L68
 244:full.c        ****                 else alarm2_min = (alarm2_min + 1) % 60;
 1226               		.loc 1 244 0
 1227 0244 8091 0000 		lds r24,edit_field
 1228 0248 8111      		cpse r24,__zero_reg__
 1229 024a 00C0      		rjmp .L69
 244:full.c        ****                 else alarm2_min = (alarm2_min + 1) % 60;
 1230               		.loc 1 244 0 is_stmt 0 discriminator 1
 1231 024c 8091 0000 		lds r24,alarm2_hour
 1232 0250 90E0      		ldi r25,0
 1233 0252 0196      		adiw r24,1
 1234 0254 B701      		movw r22,r14
 1235 0256 0E94 0000 		call __divmodhi4
 1236 025a 8093 0000 		sts alarm2_hour,r24
 1237 025e 00C0      		rjmp .L68
 1238               	.L69:
 245:full.c        ****             }
 1239               		.loc 1 245 0 is_stmt 1
 1240 0260 8091 0000 		lds r24,alarm2_min
 1241 0264 90E0      		ldi r25,0
 1242 0266 0196      		adiw r24,1
 1243 0268 B801      		movw r22,r16
 1244 026a 0E94 0000 		call __divmodhi4
 1245 026e 8093 0000 		sts alarm2_min,r24
 1246               	.L68:
 247:full.c        ****                 if (edit_field == 0) alarm2_hour = (alarm2_hour + 23) % 24;
 1247               		.loc 1 247 0
 1248 0272 40E0      		ldi r20,lo8(last_btn_down)
 1249 0274 50E0      		ldi r21,hi8(last_btn_down)
 1250 0276 67E0      		ldi r22,lo8(7)
 1251 0278 89E2      		ldi r24,lo8(41)
 1252 027a 90E0      		ldi r25,0
 1253 027c 0E94 0000 		call button_pressed
 1254               	.LVL107:
 1255 0280 8823      		tst r24
 1256 0282 01F0      		breq .L67
 248:full.c        ****                 else alarm2_min = (alarm2_min + 59) % 60;
 1257               		.loc 1 248 0
 1258 0284 8091 0000 		lds r24,edit_field
 1259 0288 8111      		cpse r24,__zero_reg__
 1260 028a 00C0      		rjmp .L71
 248:full.c        ****                 else alarm2_min = (alarm2_min + 59) % 60;
 1261               		.loc 1 248 0 is_stmt 0 discriminator 1
 1262 028c 8091 0000 		lds r24,alarm2_hour
 1263 0290 90E0      		ldi r25,0
 1264 0292 4796      		adiw r24,23
 1265 0294 B701      		movw r22,r14
 1266 0296 0E94 0000 		call __divmodhi4
 1267 029a 8093 0000 		sts alarm2_hour,r24
 1268 029e 00C0      		rjmp .L67
 1269               	.L71:
 249:full.c        ****             }
 1270               		.loc 1 249 0 is_stmt 1
 1271 02a0 8091 0000 		lds r24,alarm2_min
 1272 02a4 90E0      		ldi r25,0
 1273 02a6 CB96      		adiw r24,59
 1274 02a8 B801      		movw r22,r16
 1275 02aa 0E94 0000 		call __divmodhi4
 1276 02ae 8093 0000 		sts alarm2_min,r24
 1277               	.L67:
 253:full.c        ****         lcd_printf("Time %02d:%02d:%02d  ", hour, min, sec);
 1278               		.loc 1 253 0
 1279 02b2 60E0      		ldi r22,0
 1280 02b4 80E0      		ldi r24,0
 1281 02b6 0E94 0000 		call lcd_goto
 1282               	.LVL108:
 254:full.c        ****         lcd_goto(1, 0);
 1283               		.loc 1 254 0
 1284 02ba 8A81      		ldd r24,Y+2
 1285 02bc 1F92      		push __zero_reg__
 1286 02be 8F93      		push r24
 1287 02c0 8B81      		ldd r24,Y+3
 1288 02c2 1F92      		push __zero_reg__
 1289 02c4 8F93      		push r24
 1290 02c6 8C81      		ldd r24,Y+4
 1291 02c8 1F92      		push __zero_reg__
 1292 02ca 8F93      		push r24
 1293 02cc 5F92      		push r5
 1294 02ce 4F92      		push r4
 1295 02d0 0E94 0000 		call lcd_printf
 1296               	.LVL109:
 255:full.c        ****         if (mode == MODE_NORMAL)
 1297               		.loc 1 255 0
 1298 02d4 60E0      		ldi r22,0
 1299 02d6 81E0      		ldi r24,lo8(1)
 1300 02d8 0E94 0000 		call lcd_goto
 1301               	.LVL110:
 256:full.c        ****             lcd_printf("A %02d:%02d B %02d:%02d", alarm1_hour, alarm1_min, alarm2_hour, alarm2_min)
 1302               		.loc 1 256 0
 1303 02dc 8091 0000 		lds r24,mode
 1304 02e0 0FB6      		in __tmp_reg__,__SREG__
 1305 02e2 F894      		cli
 1306 02e4 DEBF      		out __SP_H__,r29
 1307 02e6 0FBE      		out __SREG__,__tmp_reg__
 1308 02e8 CDBF      		out __SP_L__,r28
 1309 02ea 8111      		cpse r24,__zero_reg__
 1310 02ec 00C0      		rjmp .L72
 257:full.c        ****         else if (mode == MODE_SET_TIME)
 1311               		.loc 1 257 0
 1312 02ee 8091 0000 		lds r24,alarm2_min
 1313 02f2 1F92      		push __zero_reg__
 1314 02f4 8F93      		push r24
 1315 02f6 8091 0000 		lds r24,alarm2_hour
 1316 02fa 1F92      		push __zero_reg__
 1317 02fc 8F93      		push r24
 1318 02fe 8091 0000 		lds r24,alarm1_min
 1319 0302 1F92      		push __zero_reg__
 1320 0304 8F93      		push r24
 1321 0306 8091 0000 		lds r24,alarm1_hour
 1322 030a 1F92      		push __zero_reg__
 1323 030c 8F93      		push r24
 1324 030e 80E0      		ldi r24,lo8(.LC3)
 1325 0310 90E0      		ldi r25,hi8(.LC3)
 1326 0312 9F93      		push r25
 1327 0314 8F93      		push r24
 1328 0316 0E94 0000 		call lcd_printf
 1329               	.LVL111:
 1330 031a 00C0      		rjmp .L120
 1331               	.L72:
 258:full.c        ****             lcd_printf("Set T %s %02d:%02d  ", (edit_field == 0) ? "Hr" : "Mn", set_hour, set_min);
 1332               		.loc 1 258 0
 1333 031c 8130      		cpi r24,lo8(1)
 1334 031e 01F4      		brne .L74
 259:full.c        ****         else if (mode == MODE_SET_ALARM1)
 1335               		.loc 1 259 0
 1336 0320 3091 0000 		lds r19,set_min
 1337 0324 2091 0000 		lds r18,set_hour
 1338 0328 8091 0000 		lds r24,edit_field
 1339 032c 8823      		tst r24
 1340 032e 01F0      		breq .L90
 1341 0330 80E0      		ldi r24,lo8(.LC1)
 1342 0332 90E0      		ldi r25,hi8(.LC1)
 1343 0334 00C0      		rjmp .L75
 1344               	.L90:
 1345 0336 80E0      		ldi r24,lo8(.LC0)
 1346 0338 90E0      		ldi r25,hi8(.LC0)
 1347               	.L75:
 259:full.c        ****         else if (mode == MODE_SET_ALARM1)
 1348               		.loc 1 259 0 is_stmt 0 discriminator 4
 1349 033a 1F92      		push __zero_reg__
 1350 033c 3F93      		push r19
 1351 033e 1F92      		push __zero_reg__
 1352 0340 2F93      		push r18
 1353 0342 9F93      		push r25
 1354 0344 8F93      		push r24
 1355 0346 9F92      		push r9
 1356 0348 8F92      		push r8
 1357 034a 00C0      		rjmp .L121
 1358               	.L74:
 260:full.c        ****             lcd_printf("Set A %s %02d:%02d", (edit_field == 0) ? "Hr" : "Mn", alarm1_hour, alarm1_m
 1359               		.loc 1 260 0 is_stmt 1
 1360 034c 8230      		cpi r24,lo8(2)
 1361 034e 01F4      		brne .L76
 261:full.c        ****         else if (mode == MODE_SET_ALARM2)
 1362               		.loc 1 261 0
 1363 0350 3091 0000 		lds r19,alarm1_min
 1364 0354 2091 0000 		lds r18,alarm1_hour
 1365 0358 8091 0000 		lds r24,edit_field
 1366 035c 8823      		tst r24
 1367 035e 01F0      		breq .L91
 1368 0360 80E0      		ldi r24,lo8(.LC1)
 1369 0362 90E0      		ldi r25,hi8(.LC1)
 1370 0364 00C0      		rjmp .L77
 1371               	.L91:
 1372 0366 80E0      		ldi r24,lo8(.LC0)
 1373 0368 90E0      		ldi r25,hi8(.LC0)
 1374               	.L77:
 261:full.c        ****         else if (mode == MODE_SET_ALARM2)
 1375               		.loc 1 261 0 is_stmt 0 discriminator 4
 1376 036a 1F92      		push __zero_reg__
 1377 036c 3F93      		push r19
 1378 036e 1F92      		push __zero_reg__
 1379 0370 2F93      		push r18
 1380 0372 9F93      		push r25
 1381 0374 8F93      		push r24
 1382 0376 BF92      		push r11
 1383 0378 AF92      		push r10
 1384 037a 00C0      		rjmp .L121
 1385               	.L76:
 262:full.c        ****             lcd_printf("Set B %s %02d:%02d", (edit_field == 0) ? "Hr" : "Mn", alarm2_hour, alarm2_m
 1386               		.loc 1 262 0 is_stmt 1
 1387 037c 8330      		cpi r24,lo8(3)
 1388 037e 01F4      		brne .L73
 1389               		.loc 1 263 0
 1390 0380 3091 0000 		lds r19,alarm2_min
 1391 0384 2091 0000 		lds r18,alarm2_hour
 1392 0388 8091 0000 		lds r24,edit_field
 1393 038c 8823      		tst r24
 1394 038e 01F0      		breq .L92
 1395 0390 80E0      		ldi r24,lo8(.LC1)
 1396 0392 90E0      		ldi r25,hi8(.LC1)
 1397 0394 00C0      		rjmp .L78
 1398               	.L92:
 1399 0396 80E0      		ldi r24,lo8(.LC0)
 1400 0398 90E0      		ldi r25,hi8(.LC0)
 1401               	.L78:
 1402               		.loc 1 263 0 is_stmt 0 discriminator 4
 1403 039a 1F92      		push __zero_reg__
 1404 039c 3F93      		push r19
 1405 039e 1F92      		push __zero_reg__
 1406 03a0 2F93      		push r18
 1407 03a2 9F93      		push r25
 1408 03a4 8F93      		push r24
 1409 03a6 7F92      		push r7
 1410 03a8 6F92      		push r6
 1411               	.L121:
 1412 03aa 0E94 0000 		call lcd_printf
 1413               	.LVL112:
 1414               	.L120:
 1415 03ae 0FB6      		in __tmp_reg__,__SREG__
 1416 03b0 F894      		cli
 1417 03b2 DEBF      		out __SP_H__,r29
 1418 03b4 0FBE      		out __SREG__,__tmp_reg__
 1419 03b6 CDBF      		out __SP_L__,r28
 1420               	.L73:
 264:full.c        **** 
 265:full.c        **** 	// -------------------- ALARM check --------------------
 266:full.c        **** 	if (mode == MODE_NORMAL) {
 1421               		.loc 1 266 0 is_stmt 1
 1422 03b8 8091 0000 		lds r24,mode
 1423 03bc 8111      		cpse r24,__zero_reg__
 1424 03be 00C0      		rjmp .L79
 267:full.c        **** 	    // -------- Alarm 1 --------
 268:full.c        **** 	    if (hour == alarm1_hour && min == alarm1_min && sec == 0) {
 1425               		.loc 1 268 0
 1426 03c0 8C81      		ldd r24,Y+4
 1427 03c2 9091 0000 		lds r25,alarm1_hour
 1428 03c6 8913      		cpse r24,r25
 1429 03c8 00C0      		rjmp .L80
 1430               		.loc 1 268 0 is_stmt 0 discriminator 1
 1431 03ca 2B81      		ldd r18,Y+3
 1432 03cc 9091 0000 		lds r25,alarm1_min
 1433 03d0 2913      		cpse r18,r25
 1434 03d2 00C0      		rjmp .L80
 1435               		.loc 1 268 0 discriminator 2
 1436 03d4 9A81      		ldd r25,Y+2
 1437 03d6 9111      		cpse r25,__zero_reg__
 1438 03d8 00C0      		rjmp .L80
 1439               	.LBB139:
 269:full.c        **** 
 270:full.c        **** 		buzzer_on();
 1440               		.loc 1 270 0 is_stmt 1
 1441 03da 0E94 0000 		call buzzer_on
 1442               	.LVL113:
 271:full.c        **** 		lcd_goto(2, 0);
 1443               		.loc 1 271 0
 1444 03de 60E0      		ldi r22,0
 1445 03e0 82E0      		ldi r24,lo8(2)
 1446 03e2 0E94 0000 		call lcd_goto
 1447               	.LVL114:
 272:full.c        **** 		lcd_printf("Alarm1: Waiting");
 1448               		.loc 1 272 0
 1449 03e6 80E0      		ldi r24,lo8(.LC7)
 1450 03e8 90E0      		ldi r25,hi8(.LC7)
 1451 03ea 9F93      		push r25
 1452 03ec 8F93      		push r24
 1453 03ee 0E94 0000 		call lcd_printf
 1454               	.LVL115:
 1455 03f2 0F90      		pop __tmp_reg__
 1456 03f4 0F90      		pop __tmp_reg__
 1457 03f6 98E0      		ldi r25,lo8(8)
 1458 03f8 C92E      		mov r12,r25
 1459 03fa 97E0      		ldi r25,lo8(7)
 1460 03fc D92E      		mov r13,r25
 1461               	.LVL116:
 1462               	.L83:
 273:full.c        **** 
 274:full.c        **** 		uint16_t distance;
 275:full.c        **** 		uint16_t timeout = 0;
 276:full.c        **** 		uint8_t hand_detected = 0;
 277:full.c        **** 
 278:full.c        **** 		// Wait 3 minutes for hand detection
 279:full.c        **** 		while (timeout < 1800) { // 3 min ≈ 1800 * 100ms
 280:full.c        **** 		    distance = ultrasonic_read();
 1463               		.loc 1 280 0
 1464 03fe 0E94 0000 		call ultrasonic_read
 1465               	.LVL117:
 281:full.c        **** 		    if (distance > 2 && distance < 15) {
 1466               		.loc 1 281 0
 1467 0402 0397      		sbiw r24,3
 1468               	.LVL118:
 1469 0404 0C97      		sbiw r24,12
 1470 0406 00F4      		brsh .L81
 1471               	.LVL119:
 1472               	.LBB140:
 1473               	.LBB141:
 160:full.c        **** }
 1474               		.loc 1 160 0
 1475 0408 8CE9      		ldi r24,lo8(-100)
 1476               	.LVL120:
 1477 040a 8093 B300 		sts 179,r24
 1478               	.LVL121:
 1479               	.LBE141:
 1480               	.LBE140:
 1481               	.LBB142:
 1482               	.LBB143:
 187:/usr/lib/avr/include/util/delay.h **** 
 1483               		.loc 2 187 0
 1484 040e 3FEF      		ldi r19,lo8(3199999)
 1485 0410 83ED      		ldi r24,hi8(3199999)
 1486 0412 90E3      		ldi r25,hlo8(3199999)
 1487 0414 3150      	1:	subi r19,1
 1488 0416 8040      		sbci r24,0
 1489 0418 9040      		sbci r25,0
 1490 041a 01F4      		brne 1b
 1491 041c 00C0      		rjmp .
 1492 041e 0000      		nop
 1493               	.LVL122:
 1494               	.LBE143:
 1495               	.LBE142:
 1496               	.LBB144:
 1497               	.LBB145:
 160:full.c        **** }
 1498               		.loc 1 160 0
 1499 0420 8FE1      		ldi r24,lo8(31)
 1500 0422 8093 B300 		sts 179,r24
 1501               	.LVL123:
 1502               	.LBE145:
 1503               	.LBE144:
 1504               	.LBB146:
 1505               	.LBB147:
 187:/usr/lib/avr/include/util/delay.h **** 
 1506               		.loc 2 187 0
 1507 0426 2FEF      		ldi r18,lo8(3199999)
 1508 0428 33ED      		ldi r19,hi8(3199999)
 1509 042a 80E3      		ldi r24,hlo8(3199999)
 1510 042c 2150      	1:	subi r18,1
 1511 042e 3040      		sbci r19,0
 1512 0430 8040      		sbci r24,0
 1513 0432 01F4      		brne 1b
 1514 0434 00C0      		rjmp .
 1515 0436 0000      		nop
 1516               	.LVL124:
 1517               	.LBE147:
 1518               	.LBE146:
 1519               	.LBB148:
 1520               	.LBB149:
 147:full.c        **** }
 1521               		.loc 1 147 0
 1522 0438 80E6      		ldi r24,lo8(96)
 1523 043a 99E0      		ldi r25,lo8(9)
 1524 043c 9093 8B00 		sts 138+1,r25
 1525 0440 8093 8A00 		sts 138,r24
 1526               	.LVL125:
 1527               	.LBE149:
 1528               	.LBE148:
 1529               	.LBB150:
 1530               	.LBB151:
 187:/usr/lib/avr/include/util/delay.h **** 
 1531               		.loc 2 187 0
 1532 0444 9FEF      		ldi r25,lo8(3199999)
 1533 0446 23ED      		ldi r18,hi8(3199999)
 1534 0448 30E3      		ldi r19,hlo8(3199999)
 1535 044a 9150      	1:	subi r25,1
 1536 044c 2040      		sbci r18,0
 1537 044e 3040      		sbci r19,0
 1538 0450 01F4      		brne 1b
 1539 0452 00C0      		rjmp .
 1540 0454 0000      		nop
 1541               	.LVL126:
 1542               	.LBE151:
 1543               	.LBE150:
 1544               	.LBB152:
 1545               	.LBB153:
 147:full.c        **** }
 1546               		.loc 1 147 0
 1547 0456 84EF      		ldi r24,lo8(-12)
 1548 0458 91E0      		ldi r25,lo8(1)
 1549 045a 9093 8B00 		sts 138+1,r25
 1550 045e 8093 8A00 		sts 138,r24
 1551               	.LVL127:
 1552               	.LBE153:
 1553               	.LBE152:
 282:full.c        **** 		        hand_detected = 1;
 283:full.c        **** 		        servo_lower_angle(180);
 284:full.c        **** 		        _delay_ms(2000);
 285:full.c        **** 		        servo_lower_angle(0);
 286:full.c        **** 		        _delay_ms(2000);
 287:full.c        **** 		        servo_upper_angle(180);
 288:full.c        **** 		        _delay_ms(2000);
 289:full.c        **** 		        servo_upper_angle(0);
 290:full.c        **** 		        lcd_goto(2, 0);
 1554               		.loc 1 290 0
 1555 0462 60E0      		ldi r22,0
 1556 0464 82E0      		ldi r24,lo8(2)
 1557 0466 0E94 0000 		call lcd_goto
 1558               	.LVL128:
 291:full.c        **** 		        lcd_printf("Hand Detected");
 1559               		.loc 1 291 0
 1560 046a 80E0      		ldi r24,lo8(.LC8)
 1561 046c 90E0      		ldi r25,hi8(.LC8)
 1562 046e 9F93      		push r25
 1563 0470 8F93      		push r24
 1564 0472 0E94 0000 		call lcd_printf
 1565               	.LVL129:
 1566 0476 00C0      		rjmp .L122
 1567               	.LVL130:
 1568               	.L81:
 1569               	.LBB154:
 1570               	.LBB155:
 187:/usr/lib/avr/include/util/delay.h **** 
 1571               		.loc 2 187 0
 1572 0478 8FEF      		ldi r24,lo8(159999)
 1573 047a 90E7      		ldi r25,hi8(159999)
 1574 047c 22E0      		ldi r18,hlo8(159999)
 1575 047e 8150      	1:	subi r24,1
 1576 0480 9040      		sbci r25,0
 1577 0482 2040      		sbci r18,0
 1578 0484 01F4      		brne 1b
 1579               	.LVL131:
 1580 0486 00C0      		rjmp .
 1581 0488 0000      		nop
 1582               	.LVL132:
 1583 048a 31E0      		ldi r19,1
 1584 048c C31A      		sub r12,r19
 1585 048e D108      		sbc r13,__zero_reg__
 1586               	.LVL133:
 1587               	.LBE155:
 1588               	.LBE154:
 279:full.c        **** 		    distance = ultrasonic_read();
 1589               		.loc 1 279 0
 1590 0490 01F0      		breq .+2
 1591 0492 00C0      		rjmp .L83
 292:full.c        **** 		        break;
 293:full.c        **** 		    }
 294:full.c        **** 		    _delay_ms(100);
 295:full.c        **** 		    timeout++;
 296:full.c        **** 		}
 297:full.c        **** 
 298:full.c        **** 		if (!hand_detected) {
 299:full.c        **** 		    lcd_goto(2, 0);
 1592               		.loc 1 299 0
 1593 0494 60E0      		ldi r22,0
 1594 0496 82E0      		ldi r24,lo8(2)
 1595 0498 0E94 0000 		call lcd_goto
 1596               	.LVL134:
 300:full.c        **** 		    lcd_printf("No Hand Action");
 1597               		.loc 1 300 0
 1598 049c 80E0      		ldi r24,lo8(.LC12)
 1599 049e 90E0      		ldi r25,hi8(.LC12)
 1600 04a0 9F93      		push r25
 1601 04a2 8F93      		push r24
 1602 04a4 0E94 0000 		call lcd_printf
 1603               	.LVL135:
 1604               	.LBB156:
 1605               	.LBB157:
 160:full.c        **** }
 1606               		.loc 1 160 0
 1607 04a8 8CE9      		ldi r24,lo8(-100)
 1608 04aa 8093 B300 		sts 179,r24
 1609               	.LVL136:
 1610               	.LBE157:
 1611               	.LBE156:
 1612               	.LBB158:
 1613               	.LBB159:
 187:/usr/lib/avr/include/util/delay.h **** 
 1614               		.loc 2 187 0
 1615 04ae 8FEF      		ldi r24,lo8(3199999)
 1616 04b0 93ED      		ldi r25,hi8(3199999)
 1617 04b2 20E3      		ldi r18,hlo8(3199999)
 1618 04b4 8150      	1:	subi r24,1
 1619 04b6 9040      		sbci r25,0
 1620 04b8 2040      		sbci r18,0
 1621 04ba 01F4      		brne 1b
 1622 04bc 00C0      		rjmp .
 1623 04be 0000      		nop
 1624               	.LVL137:
 1625               	.LBE159:
 1626               	.LBE158:
 1627               	.LBB160:
 1628               	.LBB161:
 160:full.c        **** }
 1629               		.loc 1 160 0
 1630 04c0 8FE1      		ldi r24,lo8(31)
 1631 04c2 8093 B300 		sts 179,r24
 1632               	.LVL138:
 1633               	.LBE161:
 1634               	.LBE160:
 1635               	.LBB162:
 1636               	.LBB163:
 187:/usr/lib/avr/include/util/delay.h **** 
 1637               		.loc 2 187 0
 1638 04c6 3FEF      		ldi r19,lo8(3199999)
 1639 04c8 83ED      		ldi r24,hi8(3199999)
 1640 04ca 90E3      		ldi r25,hlo8(3199999)
 1641 04cc 3150      	1:	subi r19,1
 1642 04ce 8040      		sbci r24,0
 1643 04d0 9040      		sbci r25,0
 1644 04d2 01F4      		brne 1b
 1645 04d4 00C0      		rjmp .
 1646 04d6 0000      		nop
 1647               	.LVL139:
 1648               	.LBE163:
 1649               	.LBE162:
 1650               	.LBB164:
 1651               	.LBB165:
 147:full.c        **** }
 1652               		.loc 1 147 0
 1653 04d8 80E6      		ldi r24,lo8(96)
 1654 04da 99E0      		ldi r25,lo8(9)
 1655 04dc 9093 8B00 		sts 138+1,r25
 1656 04e0 8093 8A00 		sts 138,r24
 1657               	.LVL140:
 1658               	.LBE165:
 1659               	.LBE164:
 1660               	.LBB166:
 1661               	.LBB167:
 187:/usr/lib/avr/include/util/delay.h **** 
 1662               		.loc 2 187 0
 1663 04e4 2FEF      		ldi r18,lo8(3199999)
 1664 04e6 33ED      		ldi r19,hi8(3199999)
 1665 04e8 80E3      		ldi r24,hlo8(3199999)
 1666 04ea 2150      	1:	subi r18,1
 1667 04ec 3040      		sbci r19,0
 1668 04ee 8040      		sbci r24,0
 1669 04f0 01F4      		brne 1b
 1670 04f2 00C0      		rjmp .
 1671 04f4 0000      		nop
 1672               	.LVL141:
 1673               	.LBE167:
 1674               	.LBE166:
 1675               	.LBB168:
 1676               	.LBB169:
 147:full.c        **** }
 1677               		.loc 1 147 0
 1678 04f6 84EF      		ldi r24,lo8(-12)
 1679 04f8 91E0      		ldi r25,lo8(1)
 1680 04fa 9093 8B00 		sts 138+1,r25
 1681 04fe 8093 8A00 		sts 138,r24
 1682 0502 00C0      		rjmp .L122
 1683               	.LVL142:
 1684               	.L80:
 1685               	.LBE169:
 1686               	.LBE168:
 1687               	.LBE139:
 301:full.c        **** 
 302:full.c        **** 		    // Immediately do lower + upper actions
 303:full.c        **** 		    servo_lower_angle(180);
 304:full.c        **** 		    _delay_ms(2000);
 305:full.c        **** 		    servo_lower_angle(0);
 306:full.c        **** 		    _delay_ms(2000);
 307:full.c        **** 
 308:full.c        **** 		    servo_upper_angle(180);
 309:full.c        **** 		    _delay_ms(2000);
 310:full.c        **** 		    servo_upper_angle(0);
 311:full.c        **** 		}
 312:full.c        **** 
 313:full.c        **** 		buzzer_off();
 314:full.c        **** 		lcd_goto(2, 0);
 315:full.c        **** 		lcd_printf("                ");
 316:full.c        **** 	    }
 317:full.c        **** 
 318:full.c        **** 	    // -------- Alarm 2 --------
 319:full.c        **** 	    else if (hour == alarm2_hour && min == alarm2_min && sec == 0) {
 1688               		.loc 1 319 0
 1689 0504 9091 0000 		lds r25,alarm2_hour
 1690 0508 8913      		cpse r24,r25
 1691 050a 00C0      		rjmp .L79
 1692               		.loc 1 319 0 is_stmt 0 discriminator 1
 1693 050c 9B81      		ldd r25,Y+3
 1694 050e 8091 0000 		lds r24,alarm2_min
 1695 0512 9813      		cpse r25,r24
 1696 0514 00C0      		rjmp .L79
 1697               		.loc 1 319 0 discriminator 2
 1698 0516 8A81      		ldd r24,Y+2
 1699 0518 8111      		cpse r24,__zero_reg__
 1700 051a 00C0      		rjmp .L79
 1701               	.LBB172:
 320:full.c        **** 		buzzer_on();
 1702               		.loc 1 320 0 is_stmt 1
 1703 051c 0E94 0000 		call buzzer_on
 1704               	.LVL143:
 321:full.c        **** 		lcd_goto(2, 0);
 1705               		.loc 1 321 0
 1706 0520 60E0      		ldi r22,0
 1707 0522 82E0      		ldi r24,lo8(2)
 1708 0524 0E94 0000 		call lcd_goto
 1709               	.LVL144:
 322:full.c        **** 		lcd_printf("Alarm2: Waiting");
 1710               		.loc 1 322 0
 1711 0528 80E0      		ldi r24,lo8(.LC10)
 1712 052a 90E0      		ldi r25,hi8(.LC10)
 1713 052c 9F93      		push r25
 1714 052e 8F93      		push r24
 1715 0530 0E94 0000 		call lcd_printf
 1716               	.LVL145:
 1717 0534 0F90      		pop __tmp_reg__
 1718 0536 0F90      		pop __tmp_reg__
 1719 0538 88E0      		ldi r24,lo8(8)
 1720 053a C82E      		mov r12,r24
 1721 053c 87E0      		ldi r24,lo8(7)
 1722 053e D82E      		mov r13,r24
 1723               	.LVL146:
 1724               	.L87:
 323:full.c        **** 
 324:full.c        **** 		uint16_t distance;
 325:full.c        **** 		uint16_t timeout = 0;
 326:full.c        **** 		uint8_t hand_detected = 0;
 327:full.c        **** 
 328:full.c        **** 		// Wait 3 minutes
 329:full.c        **** 		while (timeout < 1800) {
 330:full.c        **** 		    distance = ultrasonic_read();
 1725               		.loc 1 330 0
 1726 0540 0E94 0000 		call ultrasonic_read
 1727               	.LVL147:
 331:full.c        **** 		    if (distance > 2 && distance < 15) {
 1728               		.loc 1 331 0
 1729 0544 0397      		sbiw r24,3
 1730               	.LVL148:
 1731 0546 0C97      		sbiw r24,12
 1732 0548 00F4      		brsh .L85
 1733               	.LVL149:
 332:full.c        **** 		        hand_detected = 1;
 333:full.c        **** 		        lcd_goto(2, 0);
 1734               		.loc 1 333 0
 1735 054a 60E0      		ldi r22,0
 1736 054c 82E0      		ldi r24,lo8(2)
 1737               	.LVL150:
 1738 054e 0E94 0000 		call lcd_goto
 1739               	.LVL151:
 334:full.c        **** 		        lcd_printf("Hand Detected");
 1740               		.loc 1 334 0
 1741 0552 80E0      		ldi r24,lo8(.LC8)
 1742 0554 90E0      		ldi r25,hi8(.LC8)
 1743 0556 9F93      		push r25
 1744 0558 8F93      		push r24
 1745 055a 0E94 0000 		call lcd_printf
 1746               	.LVL152:
 1747               	.LBB173:
 1748               	.LBB174:
 160:full.c        **** }
 1749               		.loc 1 160 0
 1750 055e 8CE9      		ldi r24,lo8(-100)
 1751 0560 8093 B300 		sts 179,r24
 1752               	.LVL153:
 1753               	.LBE174:
 1754               	.LBE173:
 1755               	.LBB175:
 1756               	.LBB176:
 187:/usr/lib/avr/include/util/delay.h **** 
 1757               		.loc 2 187 0
 1758 0564 8FEF      		ldi r24,lo8(3199999)
 1759 0566 93ED      		ldi r25,hi8(3199999)
 1760 0568 20E3      		ldi r18,hlo8(3199999)
 1761 056a 8150      	1:	subi r24,1
 1762 056c 9040      		sbci r25,0
 1763 056e 2040      		sbci r18,0
 1764 0570 01F4      		brne 1b
 1765 0572 00C0      		rjmp .
 1766 0574 0000      		nop
 1767               	.LVL154:
 1768               	.LBE176:
 1769               	.LBE175:
 1770               	.LBB177:
 1771               	.LBB178:
 160:full.c        **** }
 1772               		.loc 1 160 0
 1773 0576 8FE1      		ldi r24,lo8(31)
 1774 0578 8093 B300 		sts 179,r24
 1775               	.LVL155:
 1776               	.LBE178:
 1777               	.LBE177:
 1778               	.LBB179:
 1779               	.LBB180:
 187:/usr/lib/avr/include/util/delay.h **** 
 1780               		.loc 2 187 0
 1781 057c 3FEF      		ldi r19,lo8(3199999)
 1782 057e 83ED      		ldi r24,hi8(3199999)
 1783 0580 90E3      		ldi r25,hlo8(3199999)
 1784 0582 3150      	1:	subi r19,1
 1785 0584 8040      		sbci r24,0
 1786 0586 9040      		sbci r25,0
 1787 0588 01F4      		brne 1b
 1788 058a 00C0      		rjmp .
 1789 058c 0000      		nop
 1790 058e 0F90      		pop __tmp_reg__
 1791 0590 0F90      		pop __tmp_reg__
 1792               	.LBE180:
 1793               	.LBE179:
 332:full.c        **** 		        lcd_goto(2, 0);
 1794               		.loc 1 332 0
 1795 0592 DD24      		clr r13
 1796 0594 D394      		inc r13
 1797 0596 00C0      		rjmp .L86
 1798               	.LVL156:
 1799               	.L85:
 1800               	.LBB181:
 1801               	.LBB182:
 187:/usr/lib/avr/include/util/delay.h **** 
 1802               		.loc 2 187 0
 1803 0598 2FEF      		ldi r18,lo8(159999)
 1804 059a 30E7      		ldi r19,hi8(159999)
 1805 059c 82E0      		ldi r24,hlo8(159999)
 1806 059e 2150      	1:	subi r18,1
 1807 05a0 3040      		sbci r19,0
 1808 05a2 8040      		sbci r24,0
 1809 05a4 01F4      		brne 1b
 1810               	.LVL157:
 1811 05a6 00C0      		rjmp .
 1812 05a8 0000      		nop
 1813               	.LVL158:
 1814 05aa 91E0      		ldi r25,1
 1815 05ac C91A      		sub r12,r25
 1816 05ae D108      		sbc r13,__zero_reg__
 1817               	.LVL159:
 1818               	.LBE182:
 1819               	.LBE181:
 329:full.c        **** 		    distance = ultrasonic_read();
 1820               		.loc 1 329 0
 1821 05b0 01F4      		brne .L87
 326:full.c        **** 
 1822               		.loc 1 326 0
 1823 05b2 D12C      		mov r13,__zero_reg__
 1824               	.LVL160:
 1825               	.L86:
 335:full.c        **** 			 servo_lower_angle(180);
 336:full.c        **** 			 _delay_ms(2000);
 337:full.c        **** 			 servo_lower_angle(0);
 338:full.c        **** 			 _delay_ms(2000);
 339:full.c        **** 		        break;
 340:full.c        **** 		    }
 341:full.c        **** 		    _delay_ms(100);
 342:full.c        **** 		    timeout++;
 343:full.c        **** 		}
 344:full.c        **** 
 345:full.c        **** 		// After 3 minutes → stop buzzer either way
 346:full.c        **** 		buzzer_off();
 1826               		.loc 1 346 0
 1827 05b4 0E94 0000 		call buzzer_off
 1828               	.LVL161:
 347:full.c        **** 		if (!hand_detected) {
 1829               		.loc 1 347 0
 1830 05b8 D110      		cpse r13,__zero_reg__
 1831 05ba 00C0      		rjmp .L88
 1832               	.LVL162:
 348:full.c        **** 		    lcd_goto(2, 0);
 1833               		.loc 1 348 0
 1834 05bc 60E0      		ldi r22,0
 1835 05be 82E0      		ldi r24,lo8(2)
 1836 05c0 0E94 0000 		call lcd_goto
 1837               	.LVL163:
 349:full.c        **** 		    lcd_printf("No Hand -> Off");
 1838               		.loc 1 349 0
 1839 05c4 80E0      		ldi r24,lo8(.LC11)
 1840 05c6 90E0      		ldi r25,hi8(.LC11)
 1841 05c8 9F93      		push r25
 1842 05ca 8F93      		push r24
 1843 05cc 0E94 0000 		call lcd_printf
 1844               	.LVL164:
 1845 05d0 0F90      		pop __tmp_reg__
 1846 05d2 0F90      		pop __tmp_reg__
 1847               	.LVL165:
 1848               	.L88:
 1849               	.LBB183:
 1850               	.LBB184:
 187:/usr/lib/avr/include/util/delay.h **** 
 1851               		.loc 2 187 0
 1852 05d4 2FEF      		ldi r18,lo8(3199999)
 1853 05d6 33ED      		ldi r19,hi8(3199999)
 1854 05d8 80E3      		ldi r24,hlo8(3199999)
 1855 05da 2150      	1:	subi r18,1
 1856 05dc 3040      		sbci r19,0
 1857 05de 8040      		sbci r24,0
 1858 05e0 01F4      		brne 1b
 1859 05e2 00C0      		rjmp .
 1860 05e4 0000      		nop
 1861               	.LVL166:
 1862               	.L123:
 1863               	.LBE184:
 1864               	.LBE183:
 350:full.c        **** 		}
 351:full.c        **** 		_delay_ms(2000);
 352:full.c        **** 		lcd_goto(2, 0);
 1865               		.loc 1 352 0
 1866 05e6 60E0      		ldi r22,0
 1867 05e8 82E0      		ldi r24,lo8(2)
 1868 05ea 0E94 0000 		call lcd_goto
 1869               	.LVL167:
 353:full.c        **** 		lcd_printf("                ");
 1870               		.loc 1 353 0
 1871 05ee 80E0      		ldi r24,lo8(.LC9)
 1872 05f0 90E0      		ldi r25,hi8(.LC9)
 1873 05f2 9F93      		push r25
 1874 05f4 8F93      		push r24
 1875 05f6 0E94 0000 		call lcd_printf
 1876               	.LVL168:
 1877 05fa 0F90      		pop __tmp_reg__
 1878 05fc 0F90      		pop __tmp_reg__
 1879               	.L79:
 1880               	.LVL169:
 1881               	.LBE172:
 1882               	.LBB185:
 1883               	.LBB186:
 187:/usr/lib/avr/include/util/delay.h **** 
 1884               		.loc 2 187 0
 1885 05fe 9FEF      		ldi r25,lo8(159999)
 1886 0600 20E7      		ldi r18,hi8(159999)
 1887 0602 32E0      		ldi r19,hlo8(159999)
 1888 0604 9150      	1:	subi r25,1
 1889 0606 2040      		sbci r18,0
 1890 0608 3040      		sbci r19,0
 1891 060a 01F4      		brne 1b
 1892 060c 00C0      		rjmp .
 1893 060e 0000      		nop
 1894 0610 00C0      		rjmp .L89
 1895               	.LVL170:
 1896               	.L122:
 1897               	.LBE186:
 1898               	.LBE185:
 1899               	.LBB187:
 1900               	.LBB171:
 1901               	.LBB170:
 147:full.c        **** }
 1902               		.loc 1 147 0
 1903 0612 0F90      		pop __tmp_reg__
 1904 0614 0F90      		pop __tmp_reg__
 1905               	.LBE170:
 1906               	.LBE171:
 313:full.c        **** 		lcd_goto(2, 0);
 1907               		.loc 1 313 0
 1908 0616 0E94 0000 		call buzzer_off
 1909               	.LVL171:
 1910 061a 00C0      		rjmp .L123
 1911               	.LBE187:
 1912               		.cfi_endproc
 1913               	.LFE26:
 1915               	.global	last_btn_down
 1916               		.section .bss
 1919               	last_btn_down:
 1920 0000 00        		.zero	1
 1921               	.global	last_btn_up
 1924               	last_btn_up:
 1925 0001 00        		.zero	1
 1926               	.global	last_btn_next
 1929               	last_btn_next:
 1930 0002 00        		.zero	1
 1931               	.global	last_btn_set
 1934               	last_btn_set:
 1935 0003 00        		.zero	1
 1936               	.global	edit_field
 1939               	edit_field:
 1940 0004 00        		.zero	1
 1941               	.global	mode
 1944               	mode:
 1945 0005 00        		.zero	1
 1946               		.comm	set_min,1,1
 1947               		.comm	set_hour,1,1
 1948               	.global	alarm2_min
 1949               		.data
 1952               	alarm2_min:
 1953 0000 05        		.byte	5
 1954               	.global	alarm2_hour
 1957               	alarm2_hour:
 1958 0001 0C        		.byte	12
 1959               	.global	alarm1_min
 1962               	alarm1_min:
 1963 0002 01        		.byte	1
 1964               	.global	alarm1_hour
 1967               	alarm1_hour:
 1968 0003 0C        		.byte	12
 1969               		.text
 1970               	.Letext0:
 1971               		.file 3 "/usr/lib/avr/include/stdint.h"
 1972               		.file 4 "lcd.h"
DEFINED SYMBOLS
                            *ABS*:0000000000000000 full.c
     /tmp/ccVHqPxA.s:2      *ABS*:000000000000003e __SP_H__
     /tmp/ccVHqPxA.s:3      *ABS*:000000000000003d __SP_L__
     /tmp/ccVHqPxA.s:4      *ABS*:000000000000003f __SREG__
     /tmp/ccVHqPxA.s:5      *ABS*:0000000000000000 __tmp_reg__
     /tmp/ccVHqPxA.s:6      *ABS*:0000000000000001 __zero_reg__
     /tmp/ccVHqPxA.s:12     .text:0000000000000000 ds1302_init
     /tmp/ccVHqPxA.s:37     .text:000000000000000e ds1302_start
     /tmp/ccVHqPxA.s:65     .text:000000000000001a ds1302_stop
     /tmp/ccVHqPxA.s:92     .text:0000000000000026 ds1302_write_byte
     /tmp/ccVHqPxA.s:158    .text:000000000000004e ds1302_read_byte
     /tmp/ccVHqPxA.s:225    .text:0000000000000076 bcd_to_dec
     /tmp/ccVHqPxA.s:250    .text:0000000000000088 dec_to_bcd
     /tmp/ccVHqPxA.s:275    .text:000000000000009c ds1302_write
     /tmp/ccVHqPxA.s:319    .text:00000000000000bc ds1302_read
     /tmp/ccVHqPxA.s:360    .text:00000000000000dc ds1302_set_time
     /tmp/ccVHqPxA.s:434    .text:0000000000000128 ds1302_get_time
     /tmp/ccVHqPxA.s:511    .text:0000000000000170 button_pressed
     /tmp/ccVHqPxA.s:599    .text:00000000000001c0 buzzer_on
     /tmp/ccVHqPxA.s:615    .text:00000000000001c4 buzzer_off
     /tmp/ccVHqPxA.s:631    .text:00000000000001c8 servo_upper_init
     /tmp/ccVHqPxA.s:658    .text:00000000000001e4 servo_upper_angle
     /tmp/ccVHqPxA.s:693    .text:0000000000000212 servo_lower_init
     /tmp/ccVHqPxA.s:718    .text:0000000000000228 servo_lower_angle
     /tmp/ccVHqPxA.s:760    .text:0000000000000260 ultrasonic_init
     /tmp/ccVHqPxA.s:778    .text:0000000000000266 ultrasonic_read
     /tmp/ccVHqPxA.s:882    .text.startup:0000000000000000 main
     /tmp/ccVHqPxA.s:1934   .bss:0000000000000003 last_btn_set
     /tmp/ccVHqPxA.s:1944   .bss:0000000000000005 mode
                            *COM*:0000000000000001 set_min
                            *COM*:0000000000000001 set_hour
     /tmp/ccVHqPxA.s:1939   .bss:0000000000000004 edit_field
     /tmp/ccVHqPxA.s:1929   .bss:0000000000000002 last_btn_next
     /tmp/ccVHqPxA.s:1924   .bss:0000000000000001 last_btn_up
     /tmp/ccVHqPxA.s:1919   .bss:0000000000000000 last_btn_down
     /tmp/ccVHqPxA.s:1967   .data:0000000000000003 alarm1_hour
     /tmp/ccVHqPxA.s:1962   .data:0000000000000002 alarm1_min
     /tmp/ccVHqPxA.s:1957   .data:0000000000000001 alarm2_hour
     /tmp/ccVHqPxA.s:1952   .data:0000000000000000 alarm2_min

UNDEFINED SYMBOLS
__udivmodqi4
__umulhisi3
__udivmodsi4
__udivmodhi4
lcd_init
lcd_clear
__divmodhi4
lcd_goto
lcd_printf
__do_copy_data
__do_clear_bss
